,entity_type,N_fold0,N_fold1,N_fold2,N_fold3,N_fold4,N_avg,N_std
0,Belemnite101973723,0.9825,1.0,0.8234999999999999,0.9301999999999999,0.9565,0.93854,0.062187027586145374
1,PlanetaryNebula109394797,0.8332999999999999,0.7895,0.8421,0.7391,0.8234999999999999,0.8055,0.03768649625529015
2,Threadfin102610980,0.8125,0.8571,0.9143000000000001,0.65,0.5946,0.7657,0.12270929875115415
3,Bumblebee102209624,0.6957,0.8525,0.7631999999999999,0.7368000000000001,0.75,0.75964,0.05164992158754939
4,DestroyerEscort103180732,0.92,0.7692,0.7273000000000001,0.875,0.625,0.7833,0.10534655191319743
5,Basin109215437,0.84,0.4211,0.6154,0.7585999999999999,0.5128,0.6295799999999999,0.1537694950242082
6,Cirque109245515,0.8162999999999999,0.47369999999999995,0.5556,0.7797,0.5556,0.63618,0.13596119152169855
7,EmploymentAgency108354352,0.46149999999999997,0.5405,0.6809000000000001,0.6047,0.39020000000000005,0.53556,0.10251133790952102
8,Tunic104497570,0.6667000000000001,0.8301999999999999,0.7273000000000001,0.9091,0.8301999999999999,0.7927000000000001,0.08545714715575284
9,Chiton103021121,0.5489999999999999,0.84,0.7451000000000001,0.9091,0.84,0.77664,0.1252113189771596
10,TradingCard104465795,0.39020000000000005,0.8276,0.0,0.2051,0.16219999999999998,0.31701999999999997,0.2839169765970327
11,Hurdle103549589,0.5965,0.6897,0.5672,0.75,0.8148000000000001,0.68364,0.09251483340524373
12,Millipede101786646,0.0967,0.6353,0.6452,0.7442,0.7692,0.57812,0.24642590285925708
13,Urologist110741493,0.8571,0.6182,0.75,0.6,0.7,0.7050599999999999,0.09353462674325483
14,FireStation103347338,0.9473999999999999,0.9268000000000001,0.9074,0.9312999999999999,0.8108,0.90474,0.04866980994415326
15,Radiologist110504206,0.8421,0.6061,0.7931,0.7458,0.8475,0.76692,0.08847563280361435
16,Field108659446,0.6207,0.7384999999999999,0.64,0.6765000000000001,0.7333,0.6818,0.047698385716919145
17,Homeopath110182402,0.5714,0.6182,0.6667000000000001,0.48100000000000004,0.8125,0.62996,0.10993391833278753
18,Echinoderm102316707,0.1359,0.6032,0.7568,0.7368000000000001,0.5143,0.5494000000000001,0.22505209174766627
19,Polychaete101936391,0.7097,0.6889,0.6562,0.6747,0.5478999999999999,0.6554800000000001,0.05656869805820178
20,Moss111537506,0.7654000000000001,0.747,0.6739,0.8051999999999999,0.6957,0.7374400000000001,0.04742179245874198
21,Steamboat104308807,0.45,0.4583,0.5306000000000001,0.386,0.3448,0.43393999999999994,0.06393539238950523
22,Cicada102256656,0.8547,0.8506,0.8736,0.8667,0.9,0.86912,0.017495302226597863
23,Palimpsest106407514,0.6575,0.9355,0.5660000000000001,0.5385,0.4717,0.63384,0.16219735632864055
24,Autograph106407094,0.6562,0.9355,0.5,0.5278,0.3918,0.60226,0.18668327830847625
25,Glucoside114887801,0.5397,0.6970000000000001,0.44439999999999996,0.7273000000000001,0.7532,0.63232,0.11975731125906262
26,Manuscript106407221,0.6,0.9523999999999999,0.5,0.5676,0.3956,0.60312,0.18813091611960003
27,Nebula109366940,0.6866,0.7302,0.8684000000000001,0.7406999999999999,0.8158,0.7683399999999999,0.0650607592946778
28,Poisoner110448568,0.7397,0.7119,0.7302,0.6575,0.6570999999999999,0.6992799999999999,0.035422614245704705
29,Dicynodont101721174,0.8116,0.7848,0.7667,0.72,0.5231,0.72124,0.1034721334466435
30,Cynodont101720767,0.7097,0.6933,0.7082999999999999,0.6809000000000001,0.9,0.73844,0.0814671860321688
31,Corvette103113035,0.45280000000000004,0.6129,0.23809999999999998,0.6102000000000001,0.3478,0.45236,0.14664712203108524
32,BacteriaGenus101352574,0.6667000000000001,0.8,0.8136,0.8,0.0,0.61606,0.3126609128113075
33,ScaleInsect102248510,0.8162999999999999,0.6306,0.7158,0.8039000000000001,0.7387,0.74106,0.06701488192931476
34,CoccidInsect102248368,0.8431000000000001,0.62,0.6737000000000001,0.7835,0.7368000000000001,0.7314200000000001,0.07868889121089458
35,Sketch104227144,0.4375,0.5231,0.6753,0.4828,0.6557,0.55488,0.09449783912873351
36,BusRoute108517554,0.45280000000000004,0.2564,0.3214,0.2545,0.2553,0.30808,0.07674459981001922
37,Spring115237044,0.4706,0.5373,0.32789999999999997,0.46880000000000005,0.525,0.46592,0.07438449838508022
38,Diamond113371958,0.6286,0.4828,0.5478999999999999,0.7761,0.7123,0.62954,0.10632746775880636
39,TravelAgency108355692,0.5538000000000001,0.3944,0.3529,0.5789,0.5,0.476,0.08835091397376714
40,MotorScooter103791053,0.5870000000000001,0.6173,0.5686,0.66,0.7609,0.63876,0.06845636858612937
41,Watch104555897,0.4416,0.3789,0.5067,0.5926,0.359,0.45576,0.0857794054537568
42,Schooner104147291,0.6667000000000001,0.6552,0.4857,0.6984,0.45280000000000004,0.5917600000000001,0.10155917683794015
43,Flagellate101416585,0.2895,0.7,0.5789,0.6279,0.5640999999999999,0.5520799999999999,0.13960017765031676
44,Sighting100880269,0.5672,0.3824,0.6575,0.6585,0.2857,0.5102599999999999,0.15077947605692227
45,Brachiopod102315487,0.15,0.6286,0.8695999999999999,0.6575,0.8,0.6211399999999999,0.25182290285039605
46,FungusGenus111592146,0.6462,0.8767,0.8116,0.9367,0.875,0.8292400000000001,0.09970846704267397
47,Franchise108060193,0.2667,0.4,0.5067,0.6349,0.2545,0.41256000000000004,0.14471577108249123
48,PhysicalTherapist110427764,0.9067000000000001,0.8332999999999999,0.6753,0.6889,0.8451000000000001,0.78986,0.09154997760786185
49,OilRefinery103844673,0.6301,0.6207,0.8,0.7937000000000001,0.6875,0.7064,0.0773377527472838
50,SulfaDrug104352070,0.6024,0.5097999999999999,0.5428999999999999,0.6299,0.4771,0.55242,0.05671216447994206
51,Prey110470460,0.5882000000000001,0.8,0.8234999999999999,0.6102000000000001,0.6562,0.6956200000000001,0.09760947494992478
52,Brewery102897237,0.775,0.7742,0.6452,0.7188,0.5938,0.7013999999999999,0.07177152638755846
53,Bryophyte111537327,0.7143,0.7103,0.6731,0.8,0.6747,0.7144800000000001,0.04609973535715798
54,NonvascularOrganism113084479,0.7347,0.7254999999999999,0.6792,0.8046,0.6593000000000001,0.72066,0.05049841977725636
55,Brook109229409,0.8736,0.8095,0.8049,0.6761,0.7631999999999999,0.7854599999999999,0.06508396423083032
56,MagicTrick100099951,0.6742,0.7556,0.5301,0.6222,0.6598,0.6483800000000001,0.07344217861692287
57,Gerbil102343772,0.7609,0.8864,0.8276,0.8354,0.907,0.84346,0.051017314707851875
58,TreasureTrove113371355,0.6197,0.6197,0.6215999999999999,0.5618,0.6970000000000001,0.6239600000000001,0.04298970109223839
59,OrthopterousInsect102226183,0.6095,0.5739,0.6962999999999999,0.6452,0.7312000000000001,0.65122,0.05689321224891421
60,Resorcinol115004715,0.5614,0.7786,0.6197,0.7476999999999999,0.5176,0.6449999999999999,0.10223116941520329
61,Sura106461830,0.7121,0.8112,0.7937000000000001,0.7925,0.7692,0.7757400000000001,0.03450707753490582
62,Titanosaur101710747,0.7787999999999999,0.8732,0.8214,0.8,0.8244,0.8195599999999998,0.03145801010871476
63,FloorCover103366823,0.5797,0.6667000000000001,0.6731,0.6591,0.6739,0.6505,0.03579765355438819
64,Rug104118021,0.6377,0.6667000000000001,0.6526000000000001,0.5952000000000001,0.6667000000000001,0.6437800000000001,0.026553447987031745
65,Eclipse107368646,0.6415000000000001,0.7273000000000001,0.9,0.9412,0.9737,0.83674,0.12943533675159963
66,Campaigner109889691,0.6889,0.7342,0.7073,0.6933,0.6757,0.69988,0.019907023886055898
67,Scope105125377,0.5532,0.36,0.537,0.6022,0.5618,0.52284,0.08420806612195769
68,WordGame100501870,0.5,0.4857,0.31010000000000004,0.36729999999999996,0.3667,0.40596,0.07406358349418424
69,Bromide114785625,0.898,0.8462000000000001,0.75,0.7805,0.7467,0.80428,0.05893723441085441
70,Performance100550771,0.6095,0.6667000000000001,0.5962,0.46149999999999997,0.6875,0.60428,0.07912077856037568
71,Dinghy103199901,0.4138,0.5,0.5224,0.5094,0.525,0.49411999999999995,0.04116476162933535
72,Nitrobenzene114963486,0.6857,0.6457999999999999,0.6154,0.5957,0.5476,0.6180399999999999,0.046510927748218474
73,Dodger110022759,0.44439999999999996,0.8234999999999999,0.7609,0.7297,0.4746,0.64662,0.15603368097946033
74,SoundingRocket104262530,0.7115,0.5287,0.7692,0.6988,0.6353,0.6687,0.081919057611767
75,Midwife110314836,0.7857,0.7273000000000001,0.7368000000000001,0.4828,0.8421,0.71494,0.12304166123715982
76,Loan113398953,0.6234000000000001,0.3385,0.5909,0.7021,0.5657,0.5641200000000001,0.12180036781553658
77,Bog109225943,0.3529,0.5647,0.4857,0.3768,0.6591,0.48784,0.1147002284217429
78,AdvertisingCampaign100798959,0.2,0.0070999999999999995,0.449,0.2078,0.3333,0.23944000000000001,0.14782663630076956
79,TrueFrog101640846,0.7959,0.8951,0.7619,0.866,0.6459999999999999,0.79298,0.08756486510010739
80,Textbook106414372,0.4384,0.3789,0.4507,0.5,0.5556,0.46471999999999997,0.05959568440751393
81,BrassBand108249336,0.5474,0.48479999999999995,0.5526,0.3368,0.6139,0.5071,0.09444570927257628
82,Bryozoan102313709,0.7965000000000001,0.7059000000000001,0.8167,0.813,0.8138,0.7891800000000001,0.04223749045575502
83,Seismologist110576513,0.7170000000000001,0.7925,0.7579,0.82,0.8623999999999999,0.78996,0.05001482180314147
84,Position105079866,0.6553,0.7805,0.8443999999999999,0.6755,0.6354,0.71822,0.08055217936219974
85,Refinery104068441,0.6517000000000001,0.6494,0.6175999999999999,0.7765000000000001,0.7012999999999999,0.6792999999999999,0.05548783650494947
86,BodilyProperty104997988,0.6728000000000001,0.809,0.8315,0.6734,0.6163000000000001,0.7206000000000001,0.08426688554823893
87,Naphthalene114958564,0.25,0.6168,0.6078,0.7912,0.55,0.5631600000000001,0.17613324047436363
88,FungusOrder111594676,0.7573000000000001,0.8271,0.8590000000000001,0.8547,0.8125,0.82212,0.036716666515357835
89,Hurdles107469162,0.9167000000000001,0.809,0.8434,0.897,0.8456,0.86234,0.03909074570790381
90,Cookie107635155,0.4167,0.55,0.4583,0.4932,0.35619999999999996,0.45488,0.06591416843137751
91,Commercial107250034,0.0443,0.4337,0.4368,0.5301,0.0,0.28898,0.2210480617422374
92,TrackEvent107468861,0.9103,0.8222,0.8484999999999999,0.85,0.8889,0.8639800000000001,0.03145532705282207
93,CrownJewel113330425,0.7573000000000001,0.6957,0.75,0.7736,0.6667000000000001,0.7286600000000001,0.04054787787295407
94,Acetylene114600742,0.6667000000000001,0.6939,0.7451000000000001,0.6386999999999999,0.6847,0.68582,0.03511845099089655
95,Beer107886849,0.40380000000000005,0.6143,0.6054999999999999,0.47729999999999995,0.5176,0.5236999999999999,0.07932941446903535
96,Brew107886572,0.3721,0.5263,0.5672,0.4938,0.49439999999999995,0.49076000000000003,0.06512887531655988
97,ConsultingFirm108062464,0.6,0.6585,0.7957,0.8571,0.4314,0.6685399999999999,0.15017220248767746
98,Antiviral102725367,0.49570000000000003,0.5133,0.5664,0.49060000000000004,0.44439999999999996,0.50208,0.03940159387639034
99,Vespid102212602,0.9184,0.8931999999999999,0.9129999999999999,0.9109,0.9159,0.9102799999999999,0.008910981988535316
100,Wasp102212062,0.9184,0.8865999999999999,0.9129999999999999,0.8785,0.875,0.8943,0.017955054998523394
101,Bull106726761,0.4267,0.8040999999999999,0.6593000000000001,0.7347,0.7526999999999999,0.6755,0.13279030085062685
102,Moneran101342269,0.8608,0.8806999999999999,0.7857,0.8276,0.7391,0.81878,0.05122645410332438
103,CarnivorousBat102141306,0.9167000000000001,0.8456999999999999,0.8652,0.9383,0.9333,0.89984,0.037454163987466114
104,Oncologist110377633,0.7071,0.7609,0.76,0.7256999999999999,0.7254999999999999,0.7358399999999998,0.021201094311379343
105,Ranch104052442,0.5870000000000001,0.6881999999999999,0.6506000000000001,0.6729,0.6731,0.6543599999999999,0.03575352290334475
106,Nunnery103835853,0.78,0.6457999999999999,0.7629,0.6742,0.7473000000000001,0.72204,0.05247508361117687
107,RailroadTunnel104048441,0.5747,0.7917000000000001,0.6154,0.6383,0.4211,0.60824,0.11896112978616169
108,Imidazole114916670,0.5818,0.5536,0.7547,0.5225,0.48979999999999996,0.5804799999999999,0.09237037187323652
109,Endocrinologist110056914,0.7387,0.6897,0.7339,0.7475,0.6346,0.7088800000000001,0.04217138366238414
110,RegularPayment113281275,0.6972,0.5946,0.46049999999999996,0.6504000000000001,0.5263,0.5858000000000001,0.08473594278698979
111,CleansingAgent103040587,0.35159999999999997,0.3119,0.64,0.531,0.42479999999999996,0.45186000000000004,0.1200274235331243
112,DerivedFunction106014730,0.4337,0.625,0.6374,0.5,0.3182,0.50286,0.11992480310594636
113,DesignerDrug103179489,0.8667,0.4167,0.6713,0.6984,0.6338,0.6573800000000001,0.1443427504241207
114,Pagoda103874965,0.5577000000000001,0.6393,0.6446,0.6024,0.56,0.6008,0.03721693163064355
115,Fluorescein114987695,0.4966,0.5688,0.5207999999999999,0.3654,0.6714,0.5246,0.09964633460393814
116,AbsorptionIndicator114598383,0.5586,0.5546,0.5474,0.3932,0.6568999999999999,0.54214,0.0846248568684166
117,Indicator114917208,0.5036999999999999,0.6087,0.49090000000000006,0.4274,0.5191,0.5099600000000001,0.05839820545188012
118,Salad107806221,0.4889,0.5097999999999999,0.5487,0.7167,0.8036,0.61354,0.1243110067532236
119,SchoolShip104146862,0.7805,0.5227,0.6265,0.6179,0.5487,0.61926,0.08983891361765232
120,Copy103104594,0.4819,0.7707999999999999,0.5806,0.5472,0.23879999999999998,0.52386,0.1719089247246925
121,Seafood107776866,0.732,0.6622,0.6351,0.8054000000000001,0.5714,0.68122,0.08068274660669407
122,Democrat110002031,0.8234999999999999,0.8468000000000001,0.8868,0.9434,0.9057,0.88124,0.04245725379720173
123,Test101006675,0.5401,0.8142,0.6598,0.6667000000000001,0.6496,0.66608,0.08731770496296842
124,Vodka107906111,0.6667000000000001,0.419,0.48229999999999995,0.624,0.6522,0.56884,0.09950808208381873
125,Elasmobranch101482071,0.4,0.4174,0.6726000000000001,0.2826,0.43560000000000004,0.44164000000000003,0.12727465733601487
126,Shark101482330,0.5111,0.4,0.7069,0.3111,0.40399999999999997,0.46662,0.13583733507397736
127,Salamander101629276,0.6667000000000001,0.6901,0.8454999999999999,0.8154,0.8527,0.77408,0.079463662135595
128,Sulfide115063699,0.7106999999999999,0.5714,0.7547,0.7429000000000001,0.5882000000000001,0.6735800000000001,0.07809495246173084
129,Barrio108676349,0.9224,0.9164,0.9587,0.9006000000000001,0.9647,0.93256,0.024908199453192097
130,Column103074380,0.375,0.433,0.8737999999999999,0.6304,0.3922,0.5408799999999999,0.18979439823134925
131,Obelisk103837869,0.4045,0.49479999999999996,0.8571,0.6392,0.4255,0.5642199999999999,0.16791280356184873
132,Fastener110080337,0.40380000000000005,0.3182,0.48090000000000005,0.4902,0.35,0.40862,0.06857843392787563
133,Maar109344724,0.5714,0.7719,0.7523000000000001,0.5455,0.6792,0.6640600000000001,0.09196448444916117
134,SimpleClosedCurve113868371,0.6336999999999999,0.5243,0.6435,0.5455,0.7597,0.62134,0.08361314729155937
135,ClosedCurve113868248,0.6355,0.5253,0.6306,0.5345,0.7612000000000001,0.61742,0.08548111838295055
136,Supernova109451237,0.6476000000000001,0.5984,0.3958,0.5055,0.38380000000000003,0.50622,0.10551322950227618
137,Tetrapod102156732,0.8181999999999999,0.7541,0.7556,0.7644,0.3925,0.69696,0.154043378306242
138,Cabinetmaker109885866,0.8276,0.8412999999999999,0.6570999999999999,0.7797,0.6667000000000001,0.7544799999999999,0.0783689836606294
139,Vole102339376,0.95,0.8772,0.7406999999999999,0.8762000000000001,0.8037000000000001,0.84956,0.07143597413068574
140,WoodRat102338901,0.9420999999999999,0.8421,0.7547,0.86,0.7273000000000001,0.82524,0.07709333563934041
141,Suffragan110672540,0.8305,0.831,0.7646999999999999,0.72,0.6575,0.7607399999999999,0.06653848811026593
142,Dumpling107702193,0.5743,0.6486,0.48700000000000004,0.6559999999999999,0.6838,0.6099399999999999,0.0713524659699999
143,Hut103550153,0.7602,0.7853,0.6849,0.7541,0.7176,0.74042,0.035201784045698604
144,ChiefExecutiveOfficer109916348,0.5143,0.5825,0.2439,0.9216,1.0,0.6524599999999999,0.2771729611632419
145,Sonnet106381372,0.9952,0.9937,0.975,0.9963,0.9976999999999999,0.9915800000000001,0.008393187713854604
146,Booklet106413889,0.0,0.0,0.0,0.5102,0.5253,0.20709999999999998,0.253689605620727
147,SpreeKiller110581648,0.7302,0.7961,0.748,0.7759,0.6733,0.7447000000000001,0.04227173996892015
148,Sabotage101244895,0.6609999999999999,0.5051,0.7581,0.6735,0.7619,0.6719199999999999,0.09324596291529196
149,HydroxyAcid114613922,0.6281,0.466,0.5972,0.6154,0.5133,0.5640000000000001,0.06328901958475892
150,Convict109962966,0.7934,0.7928000000000001,0.9159999999999999,0.7218000000000001,0.816,0.808,0.06261411981334555
151,Dune109270735,0.5217,0.6018,0.7027,0.5041,0.5373,0.57352,0.07253077691573419
152,Protozoan101389507,0.5217,0.6225,0.6207,0.5,0.5926,0.5715,0.05110604660898748
153,Herbicide114906850,0.5861999999999999,0.7,0.6884999999999999,0.7792,0.5714,0.66506,0.07718713882506592
154,Lemma106751833,0.6207,0.8223999999999999,0.7451000000000001,0.7129000000000001,0.887,0.7576200000000001,0.0914760602562222
155,Cyst114202996,0.5926,0.7368000000000001,0.6796,0.7243999999999999,0.6667000000000001,0.6800200000000001,0.05101648361069195
156,Sponge101906749,0.6591,0.6061,0.7636,0.7468,0.4561,0.64634,0.11118943474988979
157,Figure103335600,0.433,0.3696,0.31579999999999997,0.4632,0.31329999999999997,0.37898,0.060670796929000376
158,Model103777283,0.4524,0.4,0.38,0.5,0.321,0.41068000000000005,0.06134565673297499
159,Lemur102496913,0.8759,0.902,0.8332999999999999,0.9486,0.9102,0.8939999999999999,0.03826146886882418
160,Prospector110485298,0.7826000000000001,0.8092,0.7597,0.9077,0.7692,0.80568,0.0536621058103388
161,Dress103236735,0.62,0.4,0.5283,0.6364,0.43079999999999996,0.5231,0.09583990818025652
162,SoundFilm104261868,0.7898999999999999,0.7928000000000001,0.8448,0.8332999999999999,0.8571,0.8235800000000001,0.027386522232660346
163,Session107145508,0.8295999999999999,0.8649,0.7809999999999999,0.7576,0.7406999999999999,0.7947599999999999,0.04610017787384339
164,CreditUnion108234628,0.6765000000000001,0.6833,0.6917,0.6933,0.6555,0.6800599999999999,0.013690522269073602
165,Decade115204983,0.7021999999999999,0.7232,0.8534999999999999,0.763,0.7692,0.7622199999999999,0.05197370104196929
166,Neurosurgeon110354754,0.7458,0.7812,0.6984,0.7287,0.7731,0.74544,0.030122987899609155
167,Builder115097209,0.75,0.562,0.5128,0.6119,0.5789,0.60312,0.08010741289044353
168,Swine102395003,0.3871,0.5743,0.22469999999999998,0.6119,0.6,0.4796,0.1513260056963112
169,Hog102395406,0.35479999999999995,0.5760000000000001,0.2198,0.5753,0.5217,0.44952000000000003,0.14054956990329073
170,Reservoir113776854,0.5857,0.5763,0.6667000000000001,0.6942,0.5045000000000001,0.60548,0.06790995214252474
171,Blacksmith109859152,0.7,0.45899999999999996,0.3736,0.5085000000000001,0.49479999999999996,0.50718,0.10723757550411142
172,Pyramid113914837,0.5312,0.7406999999999999,0.6617000000000001,0.6452,0.5191,0.61958,0.0836753105760594
173,Cooperation101202904,0.7323999999999999,0.7273000000000001,0.7384999999999999,0.75,0.5455,0.69874,0.07699300227942796
174,Decree106539770,0.3333,0.7243999999999999,0.626,0.6609999999999999,0.5965,0.5882400000000001,0.13440387792024452
175,Collaboration101205156,0.6377,0.72,0.6977,0.623,0.6129,0.65826,0.042640009380861994
176,Bookshop102871525,0.2874,0.6525,0.6522,0.33899999999999997,0.2703,0.4402799999999999,0.17462562698527384
177,Antineoplastic102722458,0.6294,0.5196999999999999,0.4754,0.5594,0.6957,0.57592,0.07841585043854335
178,Conclusion106398401,0.6623,0.6536,0.5634,0.6614,0.6557,0.6392800000000001,0.03808324566000118
179,Finale107039478,0.6308,0.6207,0.5484,0.6917,0.5913,0.61658,0.04722242687537352
180,Rugby100470966,0.7585999999999999,0.7521,0.8,0.6341,0.7978000000000001,0.74852,0.06047324697748585
181,Miniaturist110320106,0.8661,0.7521,0.8741,0.8092,0.7454999999999999,0.8093999999999999,0.054346149817627386
182,ArmoredDinosaur101701551,0.787,0.7539,0.7907,0.7865000000000001,0.703,0.76422,0.03337935889138678
183,MilitaryMarch107058468,0.6437999999999999,0.6667000000000001,0.8181999999999999,0.6542,0.4878,0.6541399999999999,0.10473714909238266
184,Internist110212231,0.6299,0.7243999999999999,0.7768999999999999,0.708,0.7463,0.7171,0.04933278828527734
185,Drawbridge103233744,0.7273000000000001,0.7536,0.5752,0.8489,0.7532,0.7316400000000001,0.0885316802054496
186,Season115236475,0.4733,0.49229999999999996,0.6713,0.3333,0.4648,0.487,0.10798036858614626
187,Pier103933529,0.6667000000000001,0.4946,0.7465,0.7132999999999999,0.7681,0.67784,0.09779516552468225
188,ChamberOfCommerce108319061,0.8943000000000001,0.7968999999999999,0.6949,0.6565000000000001,0.4717,0.70286,0.14222542107513692
189,Transvestite110726031,0.5846,0.6970000000000001,0.58,0.7287,0.6620999999999999,0.65048,0.059540083977099006
190,OilTanker103845190,0.7059000000000001,0.6496,0.4815,0.36090000000000005,0.5468999999999999,0.54896,0.122213118772086
191,Silversmith110598749,0.5938,0.6443000000000001,0.5690999999999999,0.7006999999999999,0.7075,0.6430800000000001,0.055449162302058264
192,Slab104233405,0.5132,0.6496,0.6617000000000001,0.6512,0.6612,0.6273799999999999,0.057305929885134936
193,Tablet104381302,0.5714,0.6720999999999999,0.6620999999999999,0.6609,0.7179000000000001,0.65688,0.047550663507463294
194,Meteorite109352849,0.6406000000000001,0.32520000000000004,0.848,0.537,0.5763,0.58542,0.16860320756142214
195,Piperazine103946814,0.7051999999999999,0.6903,0.6977,0.6081,0.6933,0.67892,0.03576335554726374
196,VolcanicEruption107436475,0.521,0.6441,0.6667000000000001,0.3235,0.6054999999999999,0.55216,0.12463857508813234
197,ReligiousSchool108284054,0.6222,0.8054000000000001,0.7463,0.4954,0.6142,0.6567,0.10876951778876288
198,Volition105652593,0.2459,0.47409999999999997,0.7164,0.46149999999999997,0.3309,0.44576000000000005,0.1596457027295129
199,Gecko101674990,0.7654000000000001,0.8291,0.903,0.9338,0.8165,0.84956,0.06090433810493303
200,Sheet106255777,0.449,0.6491,0.6884999999999999,0.7940999999999999,0.6325,0.6426399999999999,0.1119680954558038
201,Cookbook106413020,0.4815,0.5649000000000001,0.7717,0.8421,0.695,0.67104,0.13202965727441693
202,Circus108189211,0.5,0.5167,0.5663,0.9545,0.6992,0.64734,0.16874838784415097
203,Arbiter109804053,0.6747,0.5926,0.7755,0.6522,0.7051000000000001,0.6800200000000001,0.06031574918709042
204,Protist101387451,0.5988,0.6667000000000001,0.7770999999999999,0.755,0.56,0.67152,0.08469260652500897
205,Extent105123416,0.4277,0.4603,0.6629,0.5263,0.37170000000000003,0.48978,0.0999701235369848
206,Extension115272382,0.2766,0.44439999999999996,0.41509999999999997,0.4107,0.5426,0.41788,0.08517946700936792
207,Barn102793495,0.7273000000000001,0.6272,0.7406999999999999,0.7820999999999999,0.7172,0.7189,0.050895618671944615
208,Workstation104603399,0.4218,0.3247,0.5426,0.5882000000000001,0.6269,0.50084,0.11183864448391712
209,BinaryCompound114618834,0.6713,0.703,0.5,0.5714,0.2051,0.53016,0.17780243642875088
210,Delay115272029,0.25739999999999996,0.4,0.4144,0.49119999999999997,0.5196999999999999,0.41654,0.09145467948661785
211,Aldehyde114584765,0.7179000000000001,0.6424,0.6429,0.5181,0.6015,0.62456,0.06516513178073075
212,Gas114877585,0.3566,0.5135000000000001,0.5594,0.48210000000000003,0.5333,0.48898,0.070846690818979
213,Anesthetic102710766,0.5,0.6747,0.44439999999999996,0.35710000000000003,0.4211,0.47946,0.10784026335279416
214,Lieutenancy100594580,0.9612999999999999,0.9281,0.9129999999999999,0.9296,0.9312999999999999,0.93266,0.015740216008682976
215,Hadrosaur101705934,0.6931,0.77,0.7539,0.8057,0.752,0.75494,0.03643430251836857
216,Aniline114754505,0.6962999999999999,0.7042,0.6129,0.5589999999999999,0.449,0.6042799999999999,0.09453903743956779
217,AromaticHydrocarbon114767996,0.7406999999999999,0.6448999999999999,0.6174000000000001,0.7273000000000001,0.42479999999999996,0.6310199999999999,0.1133175961622907
218,Acme113940456,0.7606,0.7020000000000001,0.5192,0.6463,0.7162000000000001,0.6688600000000001,0.08326179435971823
219,Degree113939892,0.731,0.6842,0.5133,0.6951,0.7323999999999999,0.6712,0.08123312132375562
220,Vaccine104517535,0.5714,0.5979,0.6781999999999999,0.6275,0.6092,0.6168399999999999,0.035666712772555835
221,Marsh109347779,0.8356,0.6723,0.6803,0.5,0.5303,0.6437,0.120409617556074
222,HoldingDevice103525827,0.5867,0.55,0.6197,0.7286,0.5468,0.6063600000000001,0.06667973005344278
223,Lookout103688943,0.68,0.7190000000000001,0.608,0.5401,0.5378000000000001,0.6169800000000001,0.07299349012069503
224,Connection113791389,0.6704000000000001,0.5593,0.5484,0.8025,0.5714,0.6304000000000001,0.09641433503374901
225,Pteridophyte111545524,0.8142,0.8340000000000001,0.7938,0.7358,0.7872,0.793,0.03297441432383601
226,Fanjet103321103,0.6879000000000001,0.703,0.6981999999999999,0.6831999999999999,0.7397,0.7024,0.019940812420761615
227,SignLanguage106875697,0.8695999999999999,0.8681,0.8218000000000001,0.763,0.8140999999999999,0.8273199999999999,0.03947887536392087
228,Pathology114204950,0.7333,0.6265,0.6713,0.563,0.6207,0.6429600000000001,0.05678822413141655
229,Inspector110208847,0.9067000000000001,0.9396,0.7805,0.687,0.6667000000000001,0.7961000000000001,0.11109918091507244
230,Inaction114010148,0.6061,0.6429,0.5033,0.6506000000000001,0.46509999999999996,0.5736,0.0755010993297449
231,BlackHole109223177,0.4065,0.386,0.6829000000000001,0.7898000000000001,0.6308,0.5791999999999999,0.1580633670399312
232,PrintingConcern108069627,0.42979999999999996,0.3,0.1778,0.5176,0.2727,0.33957999999999994,0.12003586797286883
233,LanguageSchool108282950,0.2742,0.7092,0.7226,0.8844,0.5935,0.63678,0.20359902160865115
234,Yacht104610013,0.6163000000000001,0.5375,0.5101,0.5402,0.5857,0.55796,0.03794119660738182
235,Encyclical106625062,0.8639,0.7245999999999999,0.8181999999999999,0.8715999999999999,0.8421,0.82408,0.05310244438818238
236,WaterCompany108186546,0.5781000000000001,0.6143,0.7179000000000001,0.7108,0.6748000000000001,0.6591800000000001,0.05467143312553642
237,Monomer114682963,0.4865,0.5824,0.6423000000000001,0.4583,0.6265,0.5592,0.0740800107991353
238,AutosomalDominantDisease114162025,0.6901,0.8228,0.6496999999999999,0.6857,0.6347,0.6966,0.06651123213412903
239,Bunchgrass112103476,0.7787000000000001,0.5806,0.7665000000000001,0.8087000000000001,0.7723,0.74136,0.0816847990754706
240,SymphonicPoem107047373,0.6854,0.6940999999999999,0.7188,0.8187000000000001,0.7368000000000001,0.7307600000000001,0.047569847592776715
241,Flatbread107682624,0.6087,0.5745,0.6437,0.4432,0.6061,0.5752400000000001,0.06956118457875773
242,ScienceTeacher110560548,0.642,0.7889,0.7662,0.6347,0.7517,0.7167,0.0651032718071834
243,Sloop104242408,0.8153,0.8026000000000001,0.8845999999999999,0.6883,0.7287,0.7838999999999999,0.06879322641074481
244,Dock103217191,0.75,0.825,0.8809999999999999,0.7957,0.802,0.81074,0.04273582104043395
245,BowedStringedInstrument102880546,0.8667,0.6533,0.48950000000000005,0.4571,0.4603,0.58538,0.15814411655196028
246,Spice115050011,0.2564,0.4052,0.2721,0.40700000000000003,0.2807,0.32428,0.06726114480143792
247,Survey100644503,0.5832999999999999,0.5244,0.5422,0.4677,0.5039,0.5243,0.038525679747410016
248,Doge110023264,0.9091,0.8791,0.8995000000000001,0.7778,0.8484999999999999,0.8628,0.04729854120372001
249,Identity104618070,0.5909,0.6,0.5562,0.6242,0.3256,0.5393800000000001,0.10909475514432396
250,Trouble105687338,0.6443000000000001,0.7815000000000001,0.7465,0.7089,0.5658,0.6894,0.07672553681793308
251,Crab101976957,0.6411,0.6257,0.7489,0.6096,0.6638,0.6578199999999998,0.04892391644175678
252,BloodTest105742551,0.22760000000000002,0.5255,0.47859999999999997,0.391,0.5122,0.42698,0.11016370364144443
253,Biopsy105740929,0.4353,0.45520000000000005,0.5797,0.4889,0.494,0.49062,0.0495267765961
254,NoncommissionedOfficer110360747,0.75,0.5676,0.23079999999999998,0.35,0.5,0.47968,0.17887084055261776
255,Native109620794,0.5476,0.5640999999999999,0.6047,0.6470999999999999,0.49200000000000005,0.5710999999999999,0.0524652646996086
256,Quartermaster110498986,0.7018000000000001,0.72,0.7531,0.5714,0.8,0.7092600000000001,0.0765925218281785
257,Speechwriter110631654,0.6709,0.7317,0.8293,0.7303000000000001,0.7667,0.7457800000000001,0.05188087894398089
258,Conduction111512818,0.4865,0.8228,0.6418,0.6286,0.5802,0.63198,0.10987786674303428
259,Discharge111511523,0.5414,0.8162999999999999,0.6917,0.5532,0.5532,0.6311599999999999,0.1078464575217934
260,ElectricalConduction111512650,0.5034000000000001,0.8344,0.6486,0.5333,0.6479,0.6335200000000001,0.11641497154575951
261,Mural103799710,0.2,0.12960000000000002,0.6618999999999999,0.7681999999999999,0.3538,0.42269999999999996,0.25172882234658783
262,Escarpment109274152,0.8072,0.4138,0.7101000000000001,0.7179000000000001,0.8188,0.6935600000000001,0.1467860838090587
263,Epidemiologist110061882,0.8521,0.6561,0.7770999999999999,0.8120999999999999,0.7486,0.7692,0.06631922798103124
264,Band102784218,0.5143,0.5667,0.4432,0.5476,0.4586,0.5060800000000001,0.048320819529474035
265,HomopterousInsect102246011,0.6857,0.8258,0.8276,0.7029000000000001,0.7293000000000001,0.75426,0.06075862407922021
266,Strip104339291,0.5657,0.5549000000000001,0.3373,0.5870000000000001,0.4138,0.49174000000000007,0.0984480492442588
267,ComprehensiveSchool108413248,0.8161,0.7570999999999999,0.7381,0.7434999999999999,0.7528,0.7615200000000001,0.028098996423360067
268,Cloud111439690,0.6061,0.6091,0.6272,0.7065,0.7358,0.65694,0.05372696157424131
269,Failure100066636,0.475,0.5503,0.4576,0.3833,0.5532,0.48388,0.06340774085235967
270,Photograph103925226,0.4533,0.6364,0.7092,0.7519,0.7182999999999999,0.65382,0.10710371422130982
271,NurseryRhyme107222728,0.7843000000000001,0.8134,0.8070999999999999,0.7737,0.7811,0.79192,0.01548501210848732
272,Analgesic102707683,0.5368999999999999,0.5676,0.6341,0.8151999999999999,0.6301,0.63678,0.09658922093070219
273,Crossing100297532,0.5341,0.5342,0.3972,0.7453,0.3906,0.52028,0.12882883838644202
274,Gazette106267655,0.7582,0.7283,0.6962,0.6901,0.26,0.6265600000000001,0.18489640991647185
275,Knife103623556,0.4225,0.5033,0.4238,0.39380000000000004,0.5238,0.45343999999999995,0.05065430287744566
276,Metropolitan110313239,0.6034,0.6236999999999999,0.6667000000000001,0.6907,0.6178,0.64046,0.03280369491383554
277,Polysaccharide114994004,0.6627,0.47850000000000004,0.7434999999999999,0.6951999999999999,0.6637000000000001,0.64872,0.09004257659574161
278,AnimalSkin114758842,0.3049,0.5326,0.5786,0.5509000000000001,0.4304,0.47948,0.10063234867576132
279,Machinery103701640,0.7033,0.4966,0.5,0.5965,0.7120000000000001,0.6016800000000001,0.09370655046473542
280,SealingWax104160036,0.5478999999999999,0.6887000000000001,0.7162000000000001,0.55,0.5861999999999999,0.6178000000000001,0.07097996900534691
281,LiveryCompany108186898,0.6818000000000001,0.7817000000000001,0.8075,0.7735,0.8404,0.77698,0.05300412814111744
282,Hairdresser110155849,0.8718,0.6338,0.7075,0.7613,0.8916,0.7731999999999999,0.09760223358099955
283,Intelligence100981830,0.5191,0.6713,0.4341,0.5735,0.7,0.5795999999999999,0.09774738871192415
284,InformationGathering100981711,0.5517,0.6429,0.45530000000000004,0.5753,0.6618999999999999,0.57742,0.07348987413242723
285,LargeIndefiniteQuantity113757724,0.5897,0.5793,0.7241,0.42619999999999997,0.5767,0.5791999999999999,0.09436261971776748
286,Cancer114239918,0.4156,0.6736,0.8,0.5864,0.5294,0.601,0.1300650913965773
287,Embryology106071426,0.7016,0.7603,0.725,0.7175,0.741,0.72908,0.020113020658270093
288,DietarySupplement107562495,0.2778,0.2394,0.2923,0.5146000000000001,0.5665,0.37812,0.13474882411360778
289,Bacteriologist109831411,0.7797,0.7273000000000001,0.8177,0.7281,0.7594,0.76244,0.033984914300318594
290,FinancialAnalyst109790865,0.8745,0.7729,0.7513,0.7961,0.7487,0.7887000000000001,0.046183979906456764
291,DiagnosticTest105739043,0.3143,0.3721,0.4625,0.41979999999999995,0.4507,0.40388,0.05461942511597865
292,Pachyderm102453108,0.5497,0.604,0.561,0.5991,0.7484000000000001,0.6124400000000001,0.07115713878452395
293,Dragonfly102268443,0.8729,0.85,0.775,0.8226,0.845,0.8331,0.03315756323977984
294,Assay100791527,0.4181,0.3741,0.5077,0.4828,0.37079999999999996,0.4307,0.0558457518527596
295,InorganicCompound114919511,0.5922,0.5621,0.4972,0.3014,0.6049,0.51156,0.11148353421021419
296,Leporid102323902,0.6626000000000001,0.43060000000000004,0.8656999999999999,0.8181999999999999,0.3182,0.6190599999999999,0.21373706838075604
297,CruiseShip103141327,0.7836,0.8201999999999999,0.5802,0.6374,0.6267,0.68962,0.09438428682784011
298,Sender110578762,0.7984,0.6512,0.6111,0.7073,0.7447,0.7025399999999999,0.06631188732044957
299,Plug103967942,0.6707,0.6328,0.7065,0.304,0.6503,0.59286,0.1464976259193302
300,Pyrimidine114999913,0.72,0.7188,0.614,0.7568,0.6468,0.6912800000000001,0.052584651753149414
301,Blockage102853449,0.6374,0.622,0.6514,0.4324,0.6013000000000001,0.5889,0.08000014999985937
302,Relay100318567,0.7419,0.9357,0.9651000000000001,0.6552,0.5818,0.7759400000000001,0.15148067335472207
303,Shotgun104206356,0.7016,0.7423000000000001,0.6854,0.6148,0.5373,0.6562800000000001,0.07235765059756986
304,Noodle107699584,0.6547,0.6937000000000001,0.5804,0.5726,0.6422,0.6287200000000001,0.04596378574486659
305,Passage100318035,0.7805,0.948,0.9540000000000001,0.6328,0.5562,0.7743,0.16130225044927302
306,Woodcarver110789963,0.5732,0.7935,0.7836,0.6918000000000001,0.7978000000000001,0.7279800000000001,0.08663385943151787
307,Jersey103595614,0.5659000000000001,0.586,0.5164,0.6609,0.6082,0.58748,0.047623666385527286
308,Stimulant104320126,0.7576,0.7686,0.7308,0.7583,0.6667000000000001,0.7363999999999999,0.037027935400181275
309,Autobiography106516087,0.578,0.3577,0.3547,0.6667000000000001,0.6364,0.5187,0.13571350706543545
310,Switch104372370,0.4294,0.42579999999999996,0.5657,0.6604000000000001,0.5229,0.52084,0.08819017178801733
311,Glider103439814,0.6091,0.6339,0.5182,0.7212000000000001,0.8081999999999999,0.65812,0.09906590533579147
312,PartyGame100458800,0.55,0.5735,0.6733,0.7176,0.42340000000000005,0.5875600000000001,0.10278004864758529
313,Analyst109791530,0.8529000000000001,0.7692,0.7606,0.8348,0.7321,0.7899200000000001,0.046071309944476314
314,EdibleFat107672135,0.43200000000000005,0.34850000000000003,0.4878,0.8556,0.7619,0.5771599999999999,0.1964686906354292
315,Charge113306870,0.5521,0.601,0.5294,0.4783,0.5034000000000001,0.53284,0.04211862295944632
316,Landgrave110245029,0.8040999999999999,0.8271999999999999,0.7676999999999999,0.6286,0.7541,0.75634,0.06892565850247638
317,Moor109358751,0.6292,0.8826999999999999,0.5844,0.6561,0.8271999999999999,0.7159199999999999,0.11712822717005492
318,Velodrome104524833,0.7459,0.7136,0.9133,0.7701,0.5,0.72858,0.13313045331553558
319,MalignantTumor114239425,0.5,0.6884,0.8,0.5513,0.4105,0.59004,0.13827544395155636
320,Band108249038,0.5152,0.48119999999999996,0.4643,0.5114,0.46630000000000005,0.48767999999999995,0.02175181831479841
321,Malignancy114237561,0.5347,0.7115,0.7426,0.5455,0.5202,0.6109,0.09568211954174095
322,EdgeTool103265032,0.5302,0.5185,0.4568,0.35350000000000004,0.4878,0.46936,0.06330493187738218
323,Landslide107474185,0.5714,0.8312999999999999,0.7417,0.6341,0.5658,0.66886,0.10297620307624474
324,Purine114706749,0.8691,0.6056,0.7524,0.7376999999999999,0.632,0.71936,0.09425833862316903
325,Target107262108,0.8542000000000001,0.5974,0.5478999999999999,0.5682,0.6846,0.65046,0.11205012449792283
326,Indicator107262579,0.8923000000000001,0.7204999999999999,0.5540999999999999,0.4768,0.7081000000000001,0.67036,0.14434510868055075
327,Cutlery103153375,0.5870000000000001,0.2484,0.6289,0.5488000000000001,0.5761,0.51784,0.13716274421285105
328,DentalSchool108281963,0.6746,0.8876000000000001,0.838,0.7674,0.539,0.74132,0.1239435097130947
329,Jewel103596787,0.41609999999999997,0.8659,0.9286,0.6574,0.625,0.6986,0.18319931222578323
330,Mark106817782,0.7288,0.4242,0.319,0.5596,0.6609999999999999,0.53852,0.1502732764000306
331,Joke106778102,0.2378,0.33140000000000003,0.3077,0.19820000000000002,0.5549000000000001,0.32599999999999996,0.12399301593235001
332,PhotographicPaper103926412,0.5,0.7081000000000001,0.5096,0.7568,0.5660000000000001,0.6081,0.1051398687463514
333,Film103338821,0.5,0.7151000000000001,0.5072,0.7619,0.5548,0.6078000000000001,0.1093712027912284
334,Trouser104489008,0.4744,0.5328,0.36229999999999996,0.5657,0.5976,0.50656,0.08284874410635326
335,ArmorPlate102740764,0.2586,0.6667000000000001,0.6703,0.45409999999999995,0.6881999999999999,0.54758,0.168090278124584
336,Sandwich107695965,0.5231,0.6238,0.5253,0.6233,0.48310000000000003,0.55572,0.05738475058759077
337,Pastry107622708,0.6122,0.6139,0.5842,0.5895,0.6103000000000001,0.60202,0.012550920284983072
338,Pie107625493,0.6386999999999999,0.5699000000000001,0.5294,0.5818,0.6479,0.59354,0.044283297076888925
339,Minesweeper103769100,0.7795000000000001,0.7886,0.8478,0.8497,0.7582,0.8047599999999999,0.03725343474097388
340,Pet101318894,0.39740000000000003,0.4677,0.4255,0.4218,0.322,0.40687999999999996,0.04808922540445
341,Crystallographer109981740,0.6919,0.8704999999999999,0.8393,0.7909,0.6789000000000001,0.7743,0.07700119479592507
342,AreaCode106354626,0.7905,0.8527,0.8462000000000001,0.8234999999999999,0.7865000000000001,0.81988,0.027424106184158487
343,Phobia114381416,0.6315999999999999,0.4286,0.53,0.6296,0.6667000000000001,0.5773,0.08720678872656648
344,Justice104850117,0.47340000000000004,0.7415999999999999,0.9005,0.6304,0.36560000000000004,0.6223,0.1896098309687554
345,Fat114864360,0.3582,0.39770000000000005,0.4596,0.8061,0.7059000000000001,0.5455000000000001,0.17773320455109115
346,Righteousness104826235,0.47869999999999996,0.7326999999999999,0.8856,0.5542,0.25,0.5802400000000001,0.2175020422892622
347,Terpene115068635,0.5363,0.7339,0.5556,0.7,0.7751,0.6601800000000001,0.09644698854811384
348,DepartmentStore103176763,0.39189999999999997,0.44689999999999996,0.6311,0.8542000000000001,0.8181999999999999,0.62846,0.18755876519107287
349,Typhoon111521145,0.8406999999999999,0.8649,0.7736,0.8983,0.8,0.8355,0.044558052022053214
350,Campsite108518171,0.7565000000000001,0.7598,0.6494,0.8673000000000001,0.7005,0.7467,0.07268251509132032
351,Warden110767154,0.6801999999999999,0.7156,0.6970000000000001,0.6593000000000001,0.6729999999999999,0.68502,0.019534011364796527
352,Primary100182571,0.6368,0.6597,0.581,0.6986,0.6769,0.6506,0.04028175765777854
353,MarineEngineer110294421,0.7016,0.8367,0.8247,0.759,0.7166,0.76772,0.054892819202515
354,Lagomorph102323449,0.715,0.5,0.7946,0.7959999999999999,0.52,0.6651199999999999,0.13015920098095252
355,Coat103057021,0.6837000000000001,0.6875,0.7106999999999999,0.8162999999999999,0.49729999999999996,0.6791,0.10292265056827869
356,Interest113286801,0.8644,0.9012,0.787,0.9383,0.8255,0.8632799999999999,0.05350354754593381
357,Grant113266892,0.4138,0.3432,0.2047,0.3791,0.3249,0.33314,0.0711115911789351
358,Captain109893344,0.713,0.73,0.7398,0.6729999999999999,0.6568999999999999,0.70254,0.03227194447194036
359,ReconnaissanceVehicle104062807,0.6667000000000001,0.6565000000000001,0.5672999999999999,0.6243,0.5426,0.61148,0.048860470730438164
360,CollectiveFarm108056747,0.7848,0.7453,0.7273000000000001,0.8033,0.7857,0.76928,0.028302678318491335
361,Division108219330,0.8839,0.9505,0.9561,0.9154000000000001,0.9359999999999999,0.92838,0.026316185133867683
362,Acne114222112,0.4,0.6475,0.5897,0.6099,0.5473,0.55888,0.08577105339215553
363,InflammatoryDisease114171682,0.37070000000000003,0.6496,0.5292,0.6862,0.55,0.5571400000000001,0.11026951709334723
364,AcneRosacea114222352,0.6372,0.6466,0.4293,0.6667000000000001,0.4885,0.5736600000000001,0.09602713366543854
365,Triangle113879320,0.7264,0.5189,0.6859999999999999,0.5538000000000001,0.62,0.62102,0.07781440483612272
366,Tiger110710632,0.5714,0.6073,0.6786,0.612,0.5,0.59386,0.05831759940189581
367,Share113285176,0.8820999999999999,0.8923000000000001,0.807,0.9636,0.7313,0.85526,0.0794040452370029
368,Chair103001627,0.6344,0.6118,0.48840000000000006,0.7186,0.8556999999999999,0.6617799999999999,0.1217717274247187
369,Saga106370522,0.8156,0.7659999999999999,0.8207,0.8291,0.7751,0.8013,0.025636770467436037
370,Bicycle102834778,0.44689999999999996,0.3333,0.48829999999999996,0.5771000000000001,0.474,0.46392000000000005,0.07855821790239391
371,Succulent113084184,0.7311,0.757,0.736,0.7489,0.7731999999999999,0.74924,0.015091534050586084
372,InvestmentBanker110215953,0.8774,0.75,0.7326999999999999,0.8476,0.804,0.80234,0.05527102676809977
373,WordProcessor106572654,0.5893999999999999,0.4379,0.5907,0.6818000000000001,0.5241,0.5647800000000001,0.08090125833384794
374,Pause115271008,0.3268,0.3,0.4118,0.5424,0.5758,0.43136,0.11114281983106242
375,GasolineEngine103424630,0.5870000000000001,0.4409,0.6957,0.5824,0.4,0.5412,0.1073898132971652
376,Chord113874927,0.6026,0.1765,0.5396,0.5015999999999999,0.4681,0.45768000000000003,0.14752113611276182
377,StraightLine113869991,0.6444,0.1778,0.5896,0.5735,0.4689,0.49084000000000005,0.16651864280013814
378,Appetizer107581346,0.6161,0.5669,0.5547,0.5135000000000001,0.4192,0.53408,0.06610683474497926
379,CopperMine103104147,0.4813,0.5934,0.6336999999999999,0.6145,0.5870000000000001,0.5819799999999999,0.052961472789188925
380,Shoe104199027,0.7559999999999999,0.6995,0.6368,0.5146000000000001,0.6175999999999999,0.6449,0.08137980093364687
381,ElectromagneticUnit113602526,0.7209,0.6790999999999999,0.7159,0.6426000000000001,0.7356999999999999,0.6988399999999999,0.033731148809371996
382,Forum108309754,0.3084,0.6734,0.5909,0.7619,0.366,0.54012,0.17523724946483268
383,Killing107361576,0.6154,0.7609,0.6631999999999999,0.6484000000000001,0.59,0.6555799999999999,0.05850997863612669
384,Pterosaur101722998,0.8397,0.8173,0.8214,0.7619,0.7059000000000001,0.7892400000000002,0.04911389212839884
385,Signature107029088,0.6436,0.4608,0.9009999999999999,0.4211,0.5497,0.59524,0.17105590431201137
386,Regatta107468456,0.7639,0.8559,0.8614,0.6862,0.7184999999999999,0.7771800000000001,0.07097451373556568
387,Vicariate108100907,0.7047,0.7025,0.6388,0.7084999999999999,0.708,0.6925000000000001,0.026939858945436195
388,Grenade103458271,0.44880000000000003,0.6051,0.6162,0.2,0.7843000000000001,0.53088,0.1965851001474934
389,InfectiousDisease114127211,0.16870000000000002,0.5789,0.3333,0.2024,0.4711,0.35087999999999997,0.15619916004895798
390,EpidemicDisease114130166,0.27399999999999997,0.6103000000000001,0.34,0.2073,0.3911,0.36454000000000003,0.13757000545176992
391,Plague114138691,0.2752,0.5326,0.29469999999999996,0.5702,0.5276,0.44006,0.1276492632176152
392,Sweater104370048,0.6124,0.5415,0.5943,0.6284000000000001,0.6545000000000001,0.6062200000000001,0.03792589616607632
393,Oil114966667,0.4265,0.4022,0.5676,0.47,0.5529999999999999,0.48385999999999996,0.06624704068862244
394,Manual106421685,0.5094,0.5179,0.4279,0.5941,0.5596,0.5217799999999999,0.05593265235977996
395,Pyridine114692510,0.7126,0.6524,0.654,0.7191,0.6822,0.68406,0.02811317129034004
396,Internee110212074,0.8601000000000001,0.7686,0.8943000000000001,0.8403,0.8843000000000001,0.84952,0.044631576266137014
397,SmartCard113377003,0.5403,0.7548999999999999,0.41859999999999997,0.5649000000000001,0.5447,0.5646800000000001,0.10818192825051694
398,Directory106423619,0.2614,0.3468,0.5421,0.9951000000000001,0.9184,0.6127600000000001,0.29623676071682936
399,Wealth113353280,0.5149,0.3718,0.5587,0.5161,0.5412,0.50054,0.0664200752784879
400,DoubleAgent110027476,0.6667000000000001,0.696,0.7737999999999999,0.6637000000000001,0.6585,0.69174,0.04305840684465691
401,TankDestroyer104389718,0.5508,0.6406000000000001,0.569,0.6823,0.8267,0.65388,0.09867209129232035
402,Pump104021798,0.5106,0.4706,0.5052,0.5,0.5021,0.49770000000000003,0.014012280328340565
403,Shipwright110590764,0.8622,0.5635,0.7895,0.8216,0.639,0.7351599999999999,0.11426090495003091
404,AnimalProduct114700745,0.4265,0.5436,0.19190000000000002,0.6267,0.4949,0.45671999999999996,0.14760889404097574
405,Fiber114866889,0.75,0.6065999999999999,0.7905,0.6,0.4199,0.6334000000000001,0.13091372731688608
406,MalevolentProgram106573020,0.8661,0.6577,0.6862,0.7479,0.5185,0.69528,0.11374902900684472
407,Virus106585816,0.8502,0.65,0.6923,0.7303000000000001,0.5408,0.69272,0.10111089753335196
408,Host108183802,0.7756000000000001,0.8145,0.9014,0.7121,0.7265999999999999,0.7860400000000001,0.06815736497253985
409,Developer110010062,0.6634,0.5982999999999999,0.7829999999999999,0.7106999999999999,0.5432,0.65972,0.08385676836129564
410,Cytokine114828193,0.8661,0.8647,0.7753,0.6845,0.8125,0.80062,0.06732008318473769
411,AirUnit108195797,0.8348,0.9023,0.9153,0.9316,0.8612000000000001,0.8890399999999999,0.035759787471404236
412,ChamberOrchestra108248411,0.7295,0.7574,0.6776000000000001,0.6866,0.8056,0.73134,0.04708866530280931
413,Yeshiva108278032,0.4437,0.6525,0.6515000000000001,0.6989,0.5738,0.60408,0.08969125709900604
414,Directive107170080,0.4971,0.5285,0.2907,0.40590000000000004,0.4343,0.43129999999999996,0.08270429251254133
415,Drive104835724,0.8054000000000001,0.6967,0.6726000000000001,0.7422,0.7252,0.7284200000000001,0.04527296765178976
416,Pronouncement106727616,0.48810000000000003,0.5381,0.3125,0.43689999999999996,0.35600000000000004,0.4263199999999999,0.08285332582340917
417,Duty101129920,0.5784,0.66,0.6937000000000001,0.7090000000000001,0.7576999999999999,0.67976,0.0596460426180983
418,Enterprise104836074,0.7773,0.7149,0.6635,0.7406999999999999,0.7326,0.7258,0.03720376325051002
419,Shrew110594147,0.8645999999999999,0.9301999999999999,0.9364,0.8872,0.9451,0.9126999999999998,0.031245991742942035
420,Promoter110482220,0.5226,0.7404000000000001,0.531,0.6552,0.4706,0.58396,0.09896354076123187
421,Advertiser109773962,0.5083,0.7336,0.41,0.6496,0.4629,0.5528799999999999,0.1204266980366065
422,Feather101896031,0.46990000000000004,0.593,0.7282,0.9381,0.8708,0.72,0.17265833313222967
423,Swamp109452395,0.6792,0.6940999999999999,0.5957,0.6527,0.65,0.6543399999999999,0.033642389926995364
424,Fluid114939445,0.2857,0.4711,0.53,0.5540999999999999,0.43479999999999996,0.45514,0.09463133941776371
425,ComputerArchitecture106725249,0.434,0.7019,0.7115,0.7243999999999999,0.6054999999999999,0.6354599999999999,0.10916997022991258
426,UnpleasantWoman110739636,0.8288,0.9412,0.955,0.9091,0.9231,0.91144,0.04416770766068804
427,Slum108651832,0.5094,0.5228,0.6768000000000001,0.7345,0.6638,0.6214600000000001,0.08935823632995452
428,FarmBuilding103322570,0.6769,0.7778,0.7304,0.8031999999999999,0.7390000000000001,0.7454599999999999,0.04324070304701347
429,Creation100908492,0.4819,0.25,0.7793000000000001,0.6629,0.4316,0.52114,0.18429138449748544
430,Plaza108619795,0.6502,0.8734000000000001,0.8806999999999999,0.7243999999999999,0.7442,0.77458,0.08937360684228875
431,Shrub113112664,0.5538000000000001,0.6917,0.5645,0.5848,0.6129,0.60154,0.049374430629628506
432,TalentAgent110690002,0.6940999999999999,0.6547,0.721,0.6111,0.7347,0.68312,0.04518966253469925
433,Infection113498404,0.9158,0.9606,0.9061,0.8359000000000001,0.8946999999999999,0.90262,0.04015417288402288
434,Candidiasis114181713,0.9018,0.9268000000000001,0.9157,0.8523000000000001,0.8953,0.8983800000000001,0.025503835005739814
435,MixedDrink107911371,0.6776000000000001,0.7037,0.6292,0.6743000000000001,0.6555,0.66806,0.02477099917241937
436,Jewelry103597469,0.534,0.9,0.767,0.5644,0.5524,0.66356,0.14531259546233424
437,LightMachineGun103667552,0.7054,0.6735,0.6776000000000001,0.8321,0.7581,0.72934,0.05959028779927142
438,Opening100457890,0.8513,0.8672,0.8937,0.8537,0.8464,0.8624600000000001,0.017074027058664294
439,Succession101010458,0.838,0.8656,0.8621,0.8458,0.8391,0.8501200000000001,0.011577115357462777
440,Order101009871,0.8519,0.8747,0.8833,0.8765000000000001,0.8323,0.86374,0.018943030380591162
441,Organization101008378,0.8416,0.8704999999999999,0.895,0.8345,0.8452,0.8573600000000001,0.022397553437819944
442,Lawsuit101182654,0.8281999999999999,0.42469999999999997,0.5581,0.4561,0.6667000000000001,0.5867600000000001,0.14754019926786055
443,HandTool103489162,0.44439999999999996,0.5439,0.6073,0.36229999999999996,0.4267,0.47691999999999996,0.08741007722225168
444,LogicalFallacy105894143,0.6607,0.7309,0.6784,0.6018,0.6566,0.6656799999999999,0.041480954665966886
445,Footrace107460104,0.8106,0.7862,0.7533,0.7973,0.5648,0.74244,0.09082318206273111
446,Laser103643253,0.6192,0.6307,0.6861,0.7601,0.6576000000000001,0.67074,0.05030580880971898
447,Goldsmith110136615,0.5439,0.716,0.6844,0.7120000000000001,0.7005,0.6713600000000001,0.06466772301542709
448,Sage110546202,0.7343999999999999,0.644,0.6164999999999999,0.54,0.6589,0.63876,0.0629748076614768
449,Mentor110309496,0.7340000000000001,0.6087,0.5538000000000001,0.5267000000000001,0.6905,0.6227400000000001,0.07892240746454711
450,CantileverBridge102953197,0.8201,0.8259000000000001,0.7706000000000001,0.8644,0.6862999999999999,0.7934599999999999,0.061319445529130504
451,Friar110111903,0.6053999999999999,0.8370000000000001,0.9333,0.8878,0.3114,0.71498,0.23121585066772565
452,Poison115032376,0.4875,0.3333,0.5153,0.41119999999999995,0.5447,0.4584,0.07669414580005439
453,Mountaineer110334567,0.9048,0.9107,0.8787999999999999,0.8408,0.8527,0.8775600000000001,0.027608447982456385
454,Inequality104752221,0.9643,0.9286,0.8122,0.8190000000000001,0.7069,0.8462,0.09169263874488509
455,Crystal114883206,0.3128,0.4828,0.9231,0.8987,0.4729,0.61806,0.24672193741132956
456,Principal110474645,0.812,0.7240000000000001,0.7967,0.7873,0.7984,0.78368,0.030864309485229027
457,Ignoramus110198958,0.7092,0.5670000000000001,0.7925,0.903,0.8136,0.7570600000000001,0.1132825070344049
458,CruiseMissile103140771,0.6414,0.5815,0.568,0.7431,0.6311,0.63302,0.06176314111183142
459,Nematode101930112,0.7742,0.8014,0.7554000000000001,0.7086,0.7241,0.7527400000000001,0.03347832731783355
460,Concoction107882497,0.6255,0.5659000000000001,0.5025,0.6431,0.5333,0.57406,0.05340672616815227
461,RealNumber113729902,0.32539999999999997,0.358,0.3529,0.46149999999999997,0.6203,0.42362,0.10869442304000697
462,Vicar110750031,0.6522,0.63,0.6778,0.6975,0.7177,0.6750399999999999,0.03124807834091562
463,Nucleotide114964590,0.7956,0.6578,0.4068,0.6877,0.7343999999999999,0.65646,0.13322344538406142
464,Dearth114449865,0.5299,0.4696,0.7453,0.6606000000000001,0.4144,0.56396,0.12219293923954853
465,Luthier110277509,0.6707,0.8408,0.6984999999999999,0.8059000000000001,0.6964,0.7424600000000001,0.06767406002302509
466,SniperRifle104250224,0.7293999999999999,0.6457999999999999,0.5244,0.6426000000000001,0.6312,0.63468,0.0653177586878178
467,Adornment102681518,0.44789999999999996,0.9298000000000001,0.74,0.6579999999999999,0.5155,0.6582399999999999,0.17032158524391444
468,PrimaBallerina110471640,0.8895000000000001,0.8414,0.8803,0.8481000000000001,0.8389,0.8596400000000001,0.021045056426629037
469,Ammonite109195958,0.8040999999999999,0.7228,0.8220999999999999,0.8425,0.7564,0.78958,0.043884821977535696
470,Maharaja110281637,0.6292,0.6367,0.6462,0.5704,0.6204999999999999,0.6205999999999999,0.026489922612193486
471,Antioxidant114724645,0.5303,0.8014,0.3874,0.7328,0.5221,0.5948,0.15112105081688654
472,HomeAppliance103528263,0.3922,0.4549,0.5702,0.48479999999999995,0.4722,0.47485999999999995,0.05731783666538716
473,Microscope103760671,0.5094,0.7273000000000001,0.6514,0.6418,0.7132,0.64862,0.07719788598141793
474,Antenna102715229,0.6008,0.6038,0.5679,0.5753,0.7422,0.618,0.06364969756408902
475,Proceeding101184814,0.7791,0.3103,0.6244,0.4868,0.6364,0.5674,0.1583816024669532
476,VentureCapitalist110747965,0.684,0.22219999999999998,0.664,0.6212,0.7731999999999999,0.59292,0.19187594325501048
477,Rally108358332,0.7915000000000001,0.8719,0.7631999999999999,0.8167,0.7556,0.7997799999999999,0.042062115971501016
478,Antidepressant102718811,0.6288,0.841,0.7434000000000001,0.6904,0.633,0.70732,0.07892686234736561
479,Bear102131653,0.7126,0.7826000000000001,0.8537,0.6023,0.3678,0.6638,0.16967919141721535
480,Sedative104166553,0.6609,0.6692,0.7306999999999999,0.7911,0.7103,0.7124400000000001,0.0470137681961359
481,Squirrel102355227,0.9386,0.8640000000000001,0.9281999999999999,0.9155,0.9259000000000001,0.9144400000000001,0.02626667851099559
482,Bartender109841188,0.46509999999999996,0.6124,0.4885,0.722,0.6346,0.58452,0.09556885266654613
483,CompositeMaterial114817783,0.502,0.7256999999999999,0.7984,0.7123999999999999,0.3629,0.6202799999999999,0.16221025121736293
484,ComputerKeyboard103085013,0.6822,0.8898,0.5483,0.3475,0.6557,0.6247,0.1773257228943393
485,Keyboard103614007,0.69,0.8908,0.5867,0.38020000000000004,0.6667000000000001,0.64288,0.16517202426561226
486,ConsumerCredit113374426,0.6667000000000001,0.6385000000000001,0.3922,0.6308,0.6254,0.5907199999999999,0.10027481039623065
487,Profanity107128527,0.4128,0.6635,0.8504,0.5455,0.3012,0.5546800000000001,0.19170729146279233
488,Durables103257877,0.3918,0.36450000000000005,0.5747,0.39380000000000004,0.5301,0.45098000000000005,0.08463714078346454
489,Curse107125096,0.5590999999999999,0.6058,0.8088,0.5381,0.4211,0.58658,0.12668088095683577
490,Appliance102729837,0.4171,0.4435,0.5214,0.5023,0.48479999999999995,0.47382,0.03829357126202776
491,Strike101243674,0.5678,0.6415000000000001,0.6256,0.7745000000000001,0.7097,0.6638200000000001,0.0714616372608409
492,JobAction101242164,0.5617,0.6364,0.6484000000000001,0.7706000000000001,0.7509999999999999,0.67362,0.07738248897521971
493,Therapy100661091,0.6623,0.5753,0.48619999999999997,0.5466,0.5686,0.5678,0.05673647856538156
494,FungusFamily111590783,0.9375,0.9453,0.8919,0.8571,0.9381,0.9139800000000001,0.03417240992379673
495,RadialEngine104040373,0.7666,0.7852,0.7809999999999999,0.6644,0.7321,0.74586,0.04480551751737725
496,Rocket104099175,0.48719999999999997,0.4413,0.5053,0.64,0.5714,0.52904,0.06945354130640136
497,Meal107573696,0.4019,0.7675,0.4224,0.32049999999999995,0.3575,0.45396000000000003,0.16070451891592843
498,Burglar109880741,0.6442,0.7818999999999999,0.8755,0.8287,0.581,0.7422599999999999,0.11172882528694195
499,DueProcess101181475,0.7592,0.29710000000000003,0.6169,0.4951,0.6505,0.56376,0.1577125435721585
500,Cheerleader109913593,0.5204,0.5281,0.5887,0.6359,0.7352,0.60166,0.0789778855123382
501,Output100914632,0.3732,0.415,0.5489,0.645,0.42469999999999997,0.48136,0.10065017834062692
502,Crop113085864,0.39409999999999995,0.42310000000000003,0.488,0.6369,0.44630000000000003,0.47768,0.08533089475682298
503,Hagiographer110155692,0.524,0.6667000000000001,0.698,0.44630000000000003,0.2759,0.52218,0.15376191205887108
504,StockIndex106641924,0.7138,0.7474,0.7312000000000001,0.7211,0.7704000000000001,0.73678,0.020239407105940656
505,Preservative114997529,0.4481,0.4531,0.4706,0.49670000000000003,0.3096,0.43562,0.06526363152629497
506,Veterinarian110749715,0.7922,0.6138,0.7863,0.7718,0.6667000000000001,0.72616,0.07241736255898856
507,Drive103242713,0.7798999999999999,0.7475,0.7138,0.8387,0.7406999999999999,0.76412,0.04282057449404433
508,Calculation105802185,0.5299,0.47240000000000004,0.556,0.6694,0.6356,0.5726600000000001,0.07138362837513934
509,Additive102679788,0.5286,0.6506000000000001,0.46590000000000004,0.3846,0.5301,0.51196,0.0873717254035881
510,Cove109257761,0.8345,0.9091,0.9097,0.875,0.8370000000000001,0.87306,0.0329615897674854
511,Production100913705,0.3448,0.406,0.5625,0.6352,0.43320000000000003,0.47634,0.1065566440913001
512,Aqueduct102732433,0.7406999999999999,0.6395000000000001,0.7326,0.772,0.62,0.70096,0.05993144750462814
513,PersonalDigitalAssistant103918737,0.5382,0.3429,0.7532,0.7855,0.7003,0.62402,0.1643018125280424
514,Astrophysicist109819291,0.8351999999999999,0.7521,0.8014,0.7491,0.1412,0.6557999999999999,0.2592973042667432
515,Citation106763681,0.2991,0.433,0.7048000000000001,0.6411,0.3529,0.48618000000000006,0.15961548045224186
516,Note106763273,0.3652,0.5188,0.7265,0.6058,0.3934,0.5219400000000001,0.1341470178572748
517,MathematicalSpace108001685,0.5664,0.5878,0.5463,0.8477,0.6087,0.63138,0.11015348201486869
518,Set107999699,0.5374,0.6593000000000001,0.5664,0.8454999999999999,0.5622,0.63416,0.11351543683570087
519,Fly102190166,0.7009000000000001,0.7754000000000001,0.6374,0.6455,0.5389,0.65962,0.07794288678256665
520,DipterousInsect102188699,0.7170000000000001,0.7402,0.598,0.6524,0.6049,0.6625,0.05759784718199111
521,Liquor107901587,0.5428000000000001,0.6643000000000001,0.7148,0.7093,0.5352,0.63328,0.07898494540100665
522,Usher110741821,0.8913,0.7705,0.6324000000000001,0.5134000000000001,0.5752,0.67656,0.13695483343058756
523,Filter103339643,0.6296,0.3871,0.5724,0.5333,0.39409999999999995,0.5033000000000001,0.09700884495756047
524,Algebraist109784043,0.7986,0.7915000000000001,0.7364,0.763,0.7116,0.76022,0.032834396598689
525,Publicist110490699,0.6022,0.7643000000000001,0.7161,0.6842,0.4815,0.6496600000000001,0.09927724009056661
526,Loch109341987,0.9173,0.8865000000000001,0.9207,0.8301999999999999,0.8623999999999999,0.8834199999999999,0.03412139504768235
527,RotaryEngine104110654,0.4,0.6136,0.7954000000000001,0.7565000000000001,0.41700000000000004,0.5965,0.16509761960730993
528,HighPriest110175248,0.5151,0.6667000000000001,0.5276,0.6707,0.6295000000000001,0.60192,0.06745215786021973
529,Turbine104498523,0.3779,0.6164999999999999,0.8387,0.7733,0.4629,0.61386,0.17575389156431215
530,Cutter103154073,0.46909999999999996,0.3458,0.4395,0.46509999999999996,0.49479999999999996,0.44286000000000003,0.05160010077509538
531,CupFinal107467027,0.8931999999999999,0.9104000000000001,0.8295999999999999,0.812,0.8702,0.8630799999999998,0.03722141319187117
532,Tribune110728828,0.7867000000000001,0.6643000000000001,0.6598,0.7273000000000001,0.8109999999999999,0.72982,0.06168881260001683
533,Ligament105295381,0.7703,0.9073,0.8865999999999999,0.583,0.8795999999999999,0.80536,0.12097640431092338
534,Theosophist110707134,0.8339,0.6245,0.7718,0.7755,0.6516,0.73146,0.07984842139954927
535,AngiospermousTree113109733,0.6304,0.6840999999999999,0.6667000000000001,0.7147,0.7154,0.68226,0.03189223102888854
536,Comment106762711,0.4324,0.7119,0.34450000000000003,0.5619,0.6261,0.5353600000000001,0.1320096905533832
537,Resin114894140,0.6496,0.47740000000000005,0.7953,0.4637,0.6942,0.61604,0.1279045988227163
538,MajorityLeader110283824,0.8392000000000001,0.8456,0.6851,0.7069,0.7973,0.7748200000000001,0.0668172851887893
539,Wind111525955,0.2899,0.6799,0.8425,0.8315,0.716,0.67196,0.20125074509178842
540,Clock103046257,0.512,0.6917,0.49119999999999997,0.4411,0.5166,0.53052,0.08492084314230518
541,Shirt104197391,0.5613,0.5831000000000001,0.3383,0.6074,0.6644,0.5509000000000001,0.11173026447655085
542,Tooth105282746,0.5306000000000001,0.6563,0.42450000000000004,0.5101,0.3677,0.49784000000000006,0.09863901053842743
543,Ellipse113878306,0.5751,0.583,0.4362,0.6246,0.504,0.54458,0.06663891955906849
544,Circle113873502,0.5871999999999999,0.5431,0.5443,0.5466,0.5238,0.549,0.02076988204107088
545,Difference104748836,0.8151,0.8175,0.9438,0.7352,0.7138,0.8050799999999999,0.08088652298127297
546,Pipe103945615,0.6472,0.7165,0.732,0.8564,0.7419,0.7388,0.06748845827250763
547,Sailboat104128499,0.4174,0.5,0.6323,0.4758,0.3057,0.46624,0.10673845792403035
548,Chloride115017604,0.5579,0.7925,0.7707999999999999,0.7767000000000001,0.7452,0.72862,0.08670837099150232
549,Battery108389572,0.6291,0.7412000000000001,0.6903,0.7637999999999999,0.6829000000000001,0.70146,0.04726633474260511
550,Woodpecker101838598,0.9248999999999999,0.9670000000000001,0.9666,0.9527,0.9240999999999999,0.9470600000000001,0.019128261813348382
551,Criticism106710546,0.39590000000000003,0.8278,0.6578,0.583,0.4432,0.5815400000000001,0.15495926690585496
552,Disapproval106709533,0.44439999999999996,0.7816,0.6614,0.6053000000000001,0.5438000000000001,0.6073000000000001,0.1130309338190214
553,LegislativeAct106564387,0.6779999999999999,0.6911,0.7393000000000001,0.7153,0.7231000000000001,0.70936,0.022078731847640205
554,PlantMaterial114991712,0.5666,0.4982,0.45890000000000003,0.4808,0.4261,0.48612,0.04689261775588989
555,Overgarment103863923,0.5934,0.6446,0.6940000000000001,0.5359,0.7429000000000001,0.6421600000000001,0.07281567413682306
556,Ratite101517565,0.8022,0.6111,0.7262000000000001,0.7722,0.778,0.7379399999999999,0.06802074977534431
557,Convict109963159,0.7425,0.7902,0.6875,0.8059999999999999,0.4941,0.70406,0.11282458242776705
558,SexOffender110584973,0.738,0.7623000000000001,0.6617000000000001,0.8070999999999999,0.49,0.6918200000000001,0.11138045429966605
559,Outstation108613985,0.8161,0.8943000000000001,0.8571,0.8896999999999999,0.8220000000000001,0.8558399999999999,0.032715965521439204
560,Perturbation107428450,0.5433,0.5379,0.7415,0.7687999999999999,0.49560000000000004,0.61742,0.11399041012295726
561,Topology105730365,0.7190000000000001,0.8603000000000001,0.5839,0.5802,0.3709,0.62286,0.16275272778051988
562,Operetta107027090,0.8065000000000001,0.795,0.8741,0.8924,0.8220999999999999,0.83802,0.038357862297057135
563,Fallacy105893916,0.7322,0.5897,0.6689,0.6403,0.7299,0.6721999999999999,0.05433974604283681
564,Laminitis114348895,0.44939999999999997,0.8698999999999999,0.8253,0.6422,0.2146,0.6002799999999999,0.24355700277347803
565,Archivist109806944,0.7958,0.6713,0.7569,0.7095,0.6944,0.7255799999999999,0.04491963490501674
566,Vivarium104539203,0.682,0.7543000000000001,0.7164,0.6033,0.7508,0.70136,0.05561246622835571
567,Minivan103770679,0.6812999999999999,0.7418,0.7282,0.851,0.8095,0.7623599999999999,0.06039796685319799
568,Van104520170,0.7259,0.7345,0.754,0.8536,0.7829,0.7701800000000001,0.0460787760254111
569,PassengerVan103896419,0.6352,0.7918000000000001,0.6685,0.8366,0.7642,0.73926,0.07575353721114284
570,UnionRepresentative110738515,0.6712,0.7831999999999999,0.8219,0.7826000000000001,0.7132999999999999,0.75444,0.05439185968506684
571,Budget113421832,0.5882000000000001,0.38939999999999997,0.616,0.6552,0.6729,0.5843400000000001,0.1018654720697843
572,Organizer110383505,0.6238,0.8284,0.8312,0.7823,0.7138,0.7558999999999999,0.07854440782130832
573,Gymnosperm111596108,0.7841,0.8172,0.7568,0.7071,0.6095,0.7349400000000001,0.07234850654989362
574,Mare102377480,0.7893000000000001,0.7870999999999999,0.7706000000000001,0.7081000000000001,0.6875,0.74852,0.04241737379895177
575,ToothedWhale102066707,0.7043,0.8724,0.6404000000000001,0.5692,0.7763,0.71252,0.10529861157679143
576,SpiralGalaxy108271457,0.7308,0.7612000000000001,0.768,0.787,0.7794,0.76528,0.019411584170283474
577,Gear103431243,0.5028,0.5196999999999999,0.7055,0.5155,0.4752,0.54374,0.08235961631770755
578,Machine103700963,0.5494,0.406,0.332,0.34149999999999997,0.3173,0.38924000000000003,0.08563061602020622
579,Shape105064037,0.4697,0.4422,0.4643,0.44,0.5376,0.47075999999999996,0.035418334235251654
580,Usurper110742546,0.7514,0.7833,0.6548,0.7662,0.7147,0.73408,0.045640306747435404
581,Judiciary108166187,0.629,0.6823999999999999,0.6347,0.4462,0.6315999999999999,0.6047800000000001,0.08169896939374448
582,Reasoning105772356,0.5878,0.7619,0.48460000000000003,0.4781,0.4597,0.55442,0.11298993583501142
583,Generator103434188,0.4167,0.4265,0.6059,0.8361,0.5,0.55704,0.1550814959948478
584,Finance101098698,0.6715000000000001,0.6324000000000001,0.5246,0.5593,0.37450000000000006,0.55246,0.10300839965750368
585,Partisan110402086,0.8454,0.8859999999999999,0.7823,0.7382,0.779,0.80618,0.05261126875489697
586,ComplexNumber113729428,0.6073,0.5176,0.4622,0.3962,0.5688,0.51042,0.07512241742649126
587,Car102959942,0.5519,0.4875,0.589,0.6503,0.5347,0.56268,0.05462806604667605
588,Cipher106254239,0.8044,0.7914,0.8027,0.8366,0.7695000000000001,0.80092,0.021754024914943885
589,Solution114589223,0.4511,0.3373,0.6611,0.3814,0.39649999999999996,0.44548,0.11378204427764516
590,Foreigner110103485,0.4816,0.4841,0.461,0.5154,0.5440999999999999,0.49723999999999996,0.029176195776694367
591,Formulation114873641,0.5287,0.4985,0.4951,0.5328,0.44520000000000004,0.5000600000000001,0.03139685334551855
592,NuclearReactor103834040,0.48479999999999995,0.3942,0.5028,0.5428999999999999,0.5455,0.49404000000000003,0.055073717869778854
593,PipelineCompany108069487,0.6335999999999999,0.8713,0.6182,0.5902000000000001,0.5811,0.6588800000000001,0.10787295119723016
594,Stairway104298308,0.4235,0.6833,0.8608,0.7593000000000001,0.3831,0.6220000000000001,0.1876751874915808
595,Ring104981658,0.3347,0.4982,0.5128,0.5650999999999999,0.43090000000000006,0.46834,0.07936272676767096
596,DaySchool108411585,0.4582,0.6103000000000001,0.772,0.8771,0.8138,0.70628,0.1521939473172307
597,Criminologist109978442,0.7837999999999999,0.7931999999999999,0.8445999999999999,0.955,0.7442,0.82416,0.07282575368645354
598,CommunicationsSatellite103077741,0.5544,0.6224000000000001,0.7342,0.6275,0.5801,0.6237199999999999,0.061530200714770944
599,Position106208751,0.1435,0.42060000000000003,0.5663,0.5068,0.4557,0.41858000000000006,0.14605132522507286
600,Brokerage108069878,0.5324,0.8115000000000001,0.8961,0.7622,0.5297999999999999,0.7064,0.14940501999598277
601,Cowboy109972661,0.6869,0.5,0.8387,0.843,0.6284000000000001,0.6994,0.1303710550697508
602,RanchHand110506544,0.6798000000000001,0.4292,0.8533,0.8456999999999999,0.6573,0.69306,0.15495323939821323
603,Ayatollah109826945,0.7437,0.7595999999999999,0.7598999999999999,0.7965000000000001,0.7988,0.7716999999999999,0.02199590871048525
604,Wright110793570,0.8428,0.6446999999999999,0.7742,0.7863,0.7348,0.75656,0.06575580886887486
605,Bard109839022,0.6862,0.7442,0.7987000000000001,0.7223999999999999,0.7126,0.73282,0.03784317111448249
606,Retailer110525436,0.3107,0.2705,0.1198,0.384,0.3688,0.29076,0.09467769747939585
607,OpticalPhenomenon111490638,0.6856,0.6618,0.6333,0.8792,0.5908,0.6901399999999999,0.09966611460270736
608,Filicide110088101,0.9034,0.8656,0.5987,0.8935,0.6087,0.7739800000000001,0.1396204483591139
609,BloodVessel105417975,0.7228,0.7384999999999999,0.7094,0.7990999999999999,0.6713,0.7282200000000001,0.04184043020811327
610,ChangeOfLocation107311115,0.5650999999999999,0.6221,0.7308,0.5865,0.6408,0.62906,0.05734026857279272
611,Century115205532,0.9248999999999999,0.9097,0.877,0.9162,0.8667,0.8988999999999999,0.022840227669618334
612,SexualAssault100774107,0.4029,0.6857,0.6367,0.7068000000000001,0.6159,0.6096,0.10838638290855547
613,StatutoryOffense100774796,0.4188,0.7404999999999999,0.6512,0.6795,0.5896,0.61592,0.10986929325339267
614,Conductor114821043,0.43119999999999997,0.5489999999999999,0.46049999999999996,0.6238,0.48109999999999997,0.50912,0.06922783833112227
615,Semiconductor114821248,0.4,0.5852,0.5502,0.6278,0.446,0.5218400000000001,0.08560723333924536
616,Persecution100420477,0.5870000000000001,0.5571,0.8562000000000001,0.8523000000000001,0.6714,0.7048,0.12766040889798216
617,Pogrom100421210,0.6352,0.5765,0.8503000000000001,0.8852,0.6643000000000001,0.7223,0.122579329415689
618,Sauce107829412,0.4518,0.6667000000000001,0.6859999999999999,0.644,0.5737,0.6044400000000001,0.08524934251945877
619,FolkDancing100537682,0.5987,0.478,0.5042,0.64,0.5941,0.563,0.06140543949846789
620,Berry107742704,0.7028,0.6934999999999999,0.7753,0.691,0.5596,0.6844399999999999,0.06971767638124494
621,Register106507041,0.7284999999999999,0.5897,0.6154,0.8371999999999999,0.6277,0.6797,0.09178908431834362
622,MilitaryUniform103763968,0.6646,0.5676,0.4841,0.5706,0.5939,0.57616,0.057819671393047535
623,Synapsid101719403,0.8493999999999999,0.8631,0.8873000000000001,0.8715,0.8276,0.8597800000000001,0.020243655796322993
624,Handicraft103485655,0.47350000000000003,0.8656,0.6873,0.4905,0.31620000000000004,0.56662,0.19033048520928011
625,TransitLine104472098,0.8891,0.9165000000000001,0.9388,0.8765000000000001,0.8515,0.89448,0.030491467659002566
626,BabyDoctor109828760,0.7474,0.6997,0.7404999999999999,0.7569,0.637,0.7162999999999999,0.04419334791572142
627,Zither104615226,0.7768999999999999,0.8029999999999999,0.8845000000000001,0.8684999999999999,0.6376,0.7941,0.08783486779178304
628,CoordinateSystem105728024,0.6018,0.3823,0.5404,0.6667000000000001,0.4982,0.53788,0.09640160579575427
629,PlantFamily111744583,0.503,0.5909,0.4326,0.8652,0.8276,0.64386,0.1732217492118123
630,Mausoleum103732114,0.5828,0.7734000000000001,0.6243,0.6513,0.4765,0.6216600000000001,0.09642826556565252
631,PiciformBird101838038,0.9270999999999999,0.9409000000000001,0.9440000000000001,0.9514,0.9111,0.9349000000000001,0.014271229799845584
632,Keeper110229498,0.5337,0.5276,0.6181,0.5819,0.5688,0.56602,0.03314485782138763
633,Stereotype105927586,0.429,0.5091,0.531,0.5587,0.23329999999999998,0.45221999999999996,0.11768156015281239
634,Personification110418101,0.4459,0.4249,0.5156000000000001,0.7372,0.4473,0.51418,0.11562521178358982
635,Maneuver100168237,0.381,0.5478000000000001,0.517,0.6051,0.4267,0.49552000000000007,0.08130607357387269
636,Diol114835980,0.6254,0.5545,0.6962,0.5342,0.5586,0.5937800000000001,0.059699259626899905
637,PrimeNumber113594302,0.8476,0.8618000000000001,0.7464,0.8291,0.8316,0.8233,0.040221586244204785
638,Prime113594005,0.8262,0.8752,0.7618,0.8729,0.8134,0.8299,0.042011046166454825
639,Demonstration101177703,0.5846,0.5315,0.6801,0.5,0.5054,0.5603199999999999,0.06696576438748388
640,Abbey102667576,0.6829000000000001,0.8389,0.7748,0.7051999999999999,0.8306999999999999,0.7665,0.06352785215950557
641,Insurgent110210137,0.6859999999999999,0.5844,0.7918999999999999,0.6006,0.574,0.64738,0.08236140843866134
642,Promenade104010205,0.4336,0.6625,0.5787,0.5845,0.5234000000000001,0.5565399999999999,0.07577974927380005
643,Secularist110574538,0.6,0.7434999999999999,0.784,0.7692,0.5015999999999999,0.6796599999999999,0.11048155683189845
644,ConicSection113872975,0.429,0.5225,0.5325,0.4669,0.578,0.5057799999999999,0.052184419130617894
645,Well104572344,0.505,0.5236999999999999,0.5326,0.5159,0.32280000000000003,0.48,0.07912281592562286
646,Control100803617,0.5056,0.43700000000000006,0.5401,0.6231,0.5043,0.52202,0.06059054051582638
647,Stimulation105827684,0.6446,0.7187,0.3106,0.7970999999999999,0.7181000000000001,0.63782,0.17057283957301056
648,Ferry103329663,0.6061,0.6207,0.6074,0.6299,0.7365,0.64012,0.04898703501948246
649,TributeAlbum106592421,0.7962,0.5437,0.8343,0.8896,0.6195,0.7366599999999999,0.13223407427739645
650,Addition102679415,0.5153,0.35109999999999997,0.479,0.27699999999999997,0.22899999999999998,0.37028,0.11124738918284778
651,GallinaceousBird101789386,0.6474,0.8042,0.7487,0.8138,0.6789000000000001,0.7386,0.06624490923837091
652,Organophosphate114969994,0.7907,0.6960999999999999,0.6987000000000001,0.8462999999999999,0.5504,0.7164400000000001,0.10067360329301817
653,Timepiece104437953,0.3933,0.529,0.484,0.5,0.5706,0.49537999999999993,0.05892287840898475
654,SocialAnthropologist110618465,0.8421,0.7415999999999999,0.7020000000000001,0.882,0.8636,0.80626,0.0712179640259394
655,Nut113136556,0.639,0.573,0.4457,0.6096,0.5821000000000001,0.56988,0.06623441401567617
656,EdibleNut107737081,0.6389,0.5758,0.4457,0.65,0.5913,0.58034,0.07287036709115717
657,Vector105864577,0.5501,0.4315,0.7152,0.6053000000000001,0.5263,0.5656800000000001,0.09351338727690275
658,Devotion107544491,0.6082,0.8423999999999999,0.6459,0.7717,0.5770000000000001,0.68904,0.10129273616602523
659,Love107543288,0.6047,0.8501000000000001,0.6562,0.7833,0.6029,0.6994400000000001,0.09989621814663457
660,Parachutist110397482,0.892,0.948,0.955,0.9509000000000001,0.7182999999999999,0.89284,0.09026890051396441
661,Skydiver110608188,0.8906999999999999,0.948,0.9383,0.9231,0.7440000000000001,0.8888199999999999,0.07496936440973735
662,Tube104494204,0.48119999999999996,0.6514,0.5061,0.6167,0.5493,0.56094,0.06448809502536108
663,Tensor105864481,0.6739,0.6462,0.6089,0.6057,0.5376,0.61446,0.04594703907761633
664,ChemicalPhenomenon111409059,0.495,0.4265,0.4706,0.5931000000000001,0.49560000000000004,0.49616000000000005,0.054598263708656544
665,Cereal112141495,0.5455,0.655,0.456,0.58,0.6175999999999999,0.57082,0.0680935356696948
666,Interchange103577818,0.4218,0.7515000000000001,0.6859999999999999,0.7903,0.765,0.68292,0.1350288472882739
667,Storyline106373645,0.7531,0.6859000000000001,0.8146,0.7267,0.6859000000000001,0.7332400000000001,0.04803913404714949
668,Plot106373314,0.7565999999999999,0.733,0.8168000000000001,0.6815000000000001,0.578,0.71318,0.08036477835469966
669,Good105159725,0.4097,0.4,0.4693,0.2564,0.6445000000000001,0.43598,0.12555874163115846
670,Countertenor109970295,0.5935,0.518,0.7576,0.5386,0.3525,0.5520400000000001,0.13048326482733333
671,Alto109786115,0.599,0.5303,0.7147,0.551,0.382,0.5554,0.10769807797727868
672,Request107185325,0.495,0.6603,0.6831999999999999,0.66,0.4742,0.5945400000000001,0.09039901769377805
673,Spirit114526182,0.6371,0.7537,0.5437,0.6798000000000001,0.5948,0.6418200000000001,0.07186140549697038
674,Carpenter109896685,0.5199,0.7820999999999999,0.7301000000000001,0.7605,0.6014,0.6788000000000001,0.10121011807126791
675,Ape102470325,0.7452,0.705,0.7273000000000001,0.6698999999999999,0.6812,0.7057200000000001,0.02796135905137661
676,Fastener103323703,0.49369999999999997,0.5733,0.6648000000000001,0.654,0.7016,0.61748,0.0747294158949473
677,Supercomputer104358117,0.34159999999999996,0.6667000000000001,0.6217,0.6981,0.5211,0.56984,0.12883402656130877
678,Advantage105155821,0.5311,0.4,0.4632,0.34020000000000006,0.6537000000000001,0.47764000000000006,0.1086106182654348
679,Glycoprotein114888310,0.6164999999999999,0.6364,0.7253000000000001,0.7781999999999999,0.6653,0.68434,0.059582635054183354
680,BodyCovering105237755,0.5484,0.44530000000000003,0.7202,0.8896,0.4746,0.6156200000000001,0.16698268652767564
681,MolecularBiologist110327143,0.8613,0.8286,0.7748999999999999,0.8351999999999999,0.784,0.8168,0.03252537470960173
682,Semanticist110577820,0.8247,0.8406,0.7687999999999999,0.7868999999999999,0.8373999999999999,0.81168,0.028705915766615096
683,Fisherman110093658,0.75,0.7609,0.8908,0.7212999999999999,0.5891,0.7424199999999999,0.09630022637564258
684,Eatage107801091,0.5296,0.6328,0.6206,0.5915,0.6414,0.6031799999999999,0.04047717381438582
685,Prayer101041968,0.6983,0.6731999999999999,0.7081999999999999,0.6995,0.7019,0.69622,0.012006564870936253
686,Worship101028655,0.6803,0.6890000000000001,0.6942,0.7073999999999999,0.7234,0.69886,0.015090076209217757
687,Laptop103642806,0.5587,0.8434999999999999,0.7467,0.6905,0.7551000000000001,0.7189,0.09389253431450234
688,Inquisitor110208287,0.7626999999999999,0.8643000000000001,0.7696999999999999,0.7636,0.6325999999999999,0.75858,0.07377466773900107
689,Organelle105445668,0.2261,0.8269,0.5783,0.7223999999999999,0.6637000000000001,0.60348,0.205297154388462
690,Seven113744916,0.6291,0.6751999999999999,0.6825,0.7907,0.7759,0.71068,0.06223357293294353
691,Crewman109977178,0.7692,0.8,0.7429000000000001,0.7897,0.6972,0.7598,0.03688571539227616
692,LargeInteger113745420,0.7456999999999999,0.8643000000000001,0.8367,0.6312,0.4203,0.6996399999999999,0.1617001867655075
693,Rig104091097,0.5,0.5722,0.5303,0.45409999999999995,0.3333,0.47797999999999996,0.0819783239643261
694,Argument106648724,0.6019,0.40979999999999994,0.618,0.6379,0.45039999999999997,0.5436,0.09425011405828644
695,Mammalogist110286989,0.7151000000000001,0.7989,0.9401999999999999,0.9235,0.8835,0.8522399999999999,0.08419580987198824
696,Position105074774,0.8136,0.8495,0.9278,0.899,0.7770999999999999,0.8533999999999999,0.05483732305647315
697,Transducer104470953,0.48590000000000005,0.441,0.634,0.6139,0.5251,0.5399800000000001,0.07382008940661071
698,ClockTower103047052,0.6295000000000001,0.6081,0.6923,0.40149999999999997,0.7414000000000001,0.61456,0.11644002061147192
699,Mark105737153,0.6708,0.7934,0.39630000000000004,0.0475,0.35200000000000004,0.45200000000000007,0.261208782394467
700,Hat103497657,0.6498999999999999,0.6895,0.6779000000000001,0.6937000000000001,0.6448,0.6711600000000001,0.02018252709647633
701,Recognition106688274,0.7143,0.6308,0.4732,0.6,0.6229,0.60824,0.07781554086427724
702,Wanderer110765679,0.2636,0.5017,0.8056,0.6766,0.2489,0.49928,0.22068773776537742
703,HiredHand110176679,0.6919,0.7139,0.7525,0.7706000000000001,0.5657,0.69892,0.07215273799378649
704,Balcony102777734,0.7308,0.6667000000000001,0.6213000000000001,0.7535,0.5034000000000001,0.6551400000000001,0.0891099680170518
705,Scheme105905348,0.5114,0.4915,0.4545,0.5744,0.634,0.5331599999999999,0.06366457727810655
706,Diesel103193107,0.4143,0.48700000000000004,0.8286,0.8837,0.6696,0.65664,0.18373940894647506
707,Consortium108236438,0.6096,0.6667000000000001,0.48829999999999996,0.7317,0.45270000000000005,0.5898,0.10539442110472454
708,RootVegetable107710283,0.5534,0.49060000000000004,0.8022,0.631,0.3675,0.56894,0.14506439397729548
709,Bovid102401031,0.6238,0.5912,0.6085,0.7293000000000001,0.7763,0.66582,0.07328703568844903
710,Duration115133621,0.7287,0.7269,0.7514,0.8586,0.8081999999999999,0.7747599999999999,0.05119603890927501
