,entity_type,n_document,n_sentence,n_token,n_MISC,n_ALL,F1_mean,F1_std,P,R
0,StockTrader110657835,18,1753,52868,1907,1907,0.74824,0.18304336753895237,0.9366200000000001,0.6527000000000001
1,Ma110278128,13,1239,37578,1514,1514,0.74492,0.1118555210975301,0.9237,0.6432599999999999
2,HighPriest110175248,7,636,19265,836,836,0.6029,0.07575793027795835,0.76074,0.5023799999999999
3,Meteorite109352849,4,315,6289,340,340,0.5567200000000001,0.2093781211110655,0.78628,0.45733999999999997
4,Pipe103944672,11,1079,28401,1366,1366,0.67206,0.0529950035380695,0.7898000000000001,0.58726
5,Queen110499857,14,1339,39488,1464,1464,0.64824,0.12399717093546932,0.7811999999999999,0.5600799999999999
6,Byway102930645,16,1540,42638,1687,1687,0.56818,0.07945767175043579,0.7534599999999999,0.45772
7,Clock103046257,7,648,16478,725,725,0.58578,0.11597100327236978,0.7513400000000001,0.4866599999999999
8,Prefect110465128,14,1366,38537,1465,1465,0.53788,0.03296212371798879,0.7461400000000001,0.42191999999999996
9,Terror110702483,69,6843,199345,7064,7064,0.6156400000000001,0.1248793593833665,0.9461,0.46816
10,Isotope114619658,15,1442,43222,2438,2438,0.7989599999999999,0.04541169893320439,0.8616199999999999,0.7469
11,Candidiasis114181713,6,539,9508,643,643,0.86188,0.03289367112378914,0.9296199999999999,0.80414
12,Duration115133621,9,900,23823,1075,1075,0.772,0.08403316012146632,0.86754,0.7031
13,Turbine104498523,7,636,16329,666,666,0.65042,0.20646269784152294,0.7955599999999999,0.58624
14,Constable109959142,12,1168,35677,1208,1208,0.60158,0.08331589044113973,0.8052199999999999,0.48986
15,Polymer114994328,20,1937,49623,2480,2480,0.63892,0.03249543968005359,0.85268,0.51154
16,Navy108191701,105,10417,297081,11194,11194,0.9086599999999999,0.03257340019095333,0.93376,0.88562
17,Dodger110022759,3,202,6632,221,221,0.74038,0.1299586918986183,0.9552800000000001,0.622
18,Herbicide114906850,3,277,7318,375,375,0.6434199999999999,0.09497884817157976,0.8544,0.5196
19,Bryophyte111537327,2,186,3089,236,236,0.5914200000000001,0.09910758598613932,0.73822,0.4979
20,Antidepressant102718811,6,592,14633,745,745,0.6934,0.10272783459218833,0.9063799999999999,0.5741400000000001
21,NavalWeaponry103812924,13,1269,39078,1576,1576,0.70534,0.029534359651091135,0.75402,0.66306
22,Promenade104010205,8,780,20561,817,817,0.5175799999999999,0.07751467990000344,0.7788000000000002,0.39109999999999995
23,ScaleInsect102248510,2,161,3411,248,248,0.7531800000000001,0.057220499823052946,0.79968,0.71384
24,Epidemic107435533,17,1621,46360,1675,1675,0.7493200000000001,0.12259144178938432,0.8129200000000001,0.70938
25,Criticism106710546,7,657,18428,689,689,0.5359200000000001,0.23353673287086985,0.7965000000000001,0.45036
26,Protest101177033,23,2258,64612,2426,2426,0.5832,0.12536884780518642,0.76172,0.4807
27,Feather101896031,6,531,14383,552,552,0.67876,0.24503330875617704,0.91164,0.5909
28,Premiere106893285,17,1638,53671,3111,3111,0.87292,0.033661693362039884,0.92766,0.8254999999999999
29,Lemur102496913,3,285,4148,398,398,0.9028,0.018283872675120032,0.92738,0.87964
30,Biophysicist109856267,10,914,24133,1092,1092,0.7495,0.07321188428117392,0.8978400000000001,0.6495
31,Busker109883174,71,7066,213154,8034,8034,0.84832,0.029430011892624147,0.9639800000000001,0.75862
32,DueProcess101181475,7,610,18489,618,618,0.48718000000000006,0.17045046670513986,0.82204,0.37718
33,Etymology106514621,15,1436,36013,1451,1451,0.7836799999999999,0.2675679457633145,0.93818,0.74592
34,Retailer110525436,8,731,20320,761,761,0.26132,0.09720906130603259,0.67778,0.17578
35,WebLog106402202,16,1503,44371,1626,1626,0.6157,0.16660045618184843,0.8012599999999999,0.51538
36,Shipwright110590764,6,520,13650,554,554,0.62924,0.05823622927353726,0.78722,0.5340199999999999
37,AnxietyDisorder114380473,12,1129,31511,1256,1256,0.58744,0.10539820871343118,0.79664,0.4801
38,FarmBuilding103322570,6,534,12354,632,632,0.7597800000000001,0.060984502949519924,0.84156,0.69586
39,Industry108065234,43,4217,114375,4479,4479,0.66126,0.0886581434499956,0.85728,0.54254
40,Dinghy103199901,3,202,4704,258,258,0.52366,0.10958057492092292,0.8568999999999999,0.38627999999999996
41,Brew107886572,3,230,5739,274,274,0.5607,0.12600274600182326,0.88636,0.42105999999999993
42,BallGame100471437,127,12665,332752,13566,13566,0.8897,0.05816510981679653,0.93244,0.8534599999999999
43,FungusOrder111594676,3,222,4773,306,306,0.9087000000000002,0.017607952748687164,0.9247200000000001,0.89574
44,Degree113939892,4,339,9641,381,381,0.6797,0.09449027463183711,0.82412,0.5885
45,Anesthetic102710766,4,333,7124,384,384,0.51058,0.14310318514973733,0.7958000000000001,0.38686
46,Handbook106421301,11,1082,30983,1205,1205,0.53698,0.11811515398118903,0.75656,0.42384000000000005
47,Pterosaur101722998,6,505,11700,844,844,0.7846,0.07297043236818597,0.84756,0.7386799999999999
48,Fiber114866889,6,521,13447,659,659,0.6332000000000001,0.2032227841557142,0.8714000000000001,0.52382
49,PartyGame100458800,5,427,10310,461,461,0.40843999999999997,0.1168521561632476,0.85136,0.27470000000000006
50,Base102798290,18,1711,45051,1906,1906,0.74734,0.05319442076007594,0.8682599999999999,0.658
51,Ornithischian101700470,13,1259,31102,2311,2311,0.9016,0.006086049621881188,0.90636,0.8970800000000001
52,Landing103638321,30,2926,77386,3047,3047,0.72348,0.17762720962735412,0.9373400000000001,0.62314
53,Reservoir113776854,3,295,7290,310,310,0.5292399999999999,0.04058041892341675,0.69838,0.429
54,PlanetaryNebula109394797,1,88,1646,101,101,0.8152799999999999,0.047104793811246014,0.8628599999999998,0.7739
55,Ape102470325,9,836,23788,1032,1032,0.7527400000000001,0.06277428135789372,0.88046,0.66396
56,SpaceProbe104265668,18,1707,49616,2370,2370,0.80738,0.016719497600107512,0.87762,0.74764
57,MarineEngineer110294421,5,469,13096,475,475,0.6190399999999999,0.0943824263303291,0.8029,0.5134399999999999
58,AircraftCarrier102687172,11,1012,28459,1231,1231,0.7542,0.051051934341413585,0.88246,0.66112
59,Calculation105802185,7,617,14244,671,671,0.5826800000000001,0.06190894604174746,0.80252,0.46012000000000003
60,SmartCard113377003,6,516,13692,683,683,0.6142800000000002,0.07209908182494419,0.75932,0.5228400000000001
61,Slum108651832,6,534,14211,686,686,0.54264,0.14095221317879333,0.81598,0.4237
62,TenorSaxophonist110701962,26,2593,69938,3506,3506,0.9143799999999999,0.032248187545969156,0.9763,0.8615
63,Tetrapod102156732,3,264,6439,371,371,0.64896,0.22053745804284586,0.8755600000000001,0.54988
64,SpecialEffect105917994,15,1497,43343,1652,1652,0.61946,0.14041517866669542,0.79388,0.52352
65,AdvertisingCampaign100798959,3,208,5850,214,214,0.29932000000000003,0.12199900655333223,0.65246,0.20636000000000002
66,Noise107387509,13,1206,36466,1272,1272,0.7400399999999999,0.07242434949656089,0.8628199999999999,0.6516200000000001
67,Ghetto108578951,13,1249,32447,1443,1443,0.8084999999999999,0.10940148079436585,0.93036,0.73262
68,Comment106762711,7,644,18773,656,656,0.4234400000000001,0.2099798047432181,0.9025000000000001,0.29897999999999997
69,Trombonist110730416,30,2996,79118,3675,3675,0.7492,0.05812004817616725,0.9341200000000001,0.63034
70,Vector105864577,9,806,23057,942,942,0.5688599999999999,0.11494131720143108,0.70386,0.4826
71,Biopsy105740929,4,383,9233,445,445,0.43751999999999996,0.0863521487862346,0.7592399999999999,0.30992
72,Pagoda103874965,3,249,5751,278,278,0.74648,0.08195731571983064,0.8245199999999999,0.68298
73,Vogue105750163,11,1042,30316,1074,1074,0.27396000000000004,0.17874918293519554,0.80594,0.18642
74,Conservatory108287436,49,4804,138848,5718,5718,0.8028400000000001,0.04650722954552335,0.8821999999999999,0.73778
75,Fundraiser110116478,12,1160,35103,1197,1197,0.70196,0.2949359089700676,0.90664,0.64572
76,VolcanicEruption107436475,4,317,6640,344,344,0.42164,0.042853265919880604,0.79896,0.28858
77,Rocket104099175,7,608,16718,784,784,0.65848,0.06288266533791327,0.8448,0.54298
78,CarnivorousBat102141306,3,238,5374,397,397,0.9023199999999999,0.0387076943255472,0.9367599999999999,0.87348
79,Pidgin106905680,13,1300,35973,1626,1626,0.72672,0.1040152565732547,0.8699399999999999,0.634
80,Stalk113129165,14,1303,17631,1334,1334,0.89926,0.085171934344595,0.9800599999999999,0.8381399999999999
81,Accessory102671780,13,1299,33306,1436,1436,0.37446,0.09412677833645429,0.7979999999999999,0.24933999999999998
82,Oscine101525720,10,938,16542,1191,1191,0.8652599999999999,0.04138311733062167,0.95034,0.7961799999999999
83,Palimpsest106407514,2,153,5042,210,210,0.8113999999999999,0.09148558356375062,0.9362,0.7301
84,Principal110474645,6,559,14197,564,564,0.53404,0.10339606568917407,0.68314,0.46962000000000004
85,Franchise108060193,2,180,4558,183,183,0.22256,0.11165651973798933,0.5115000000000001,0.14762000000000003
86,Archivist109806944,7,668,17941,689,689,0.58712,0.03493189946166683,0.7796399999999999,0.47162000000000004
87,DirectAction101168369,14,1381,40112,1515,1515,0.5461600000000001,0.09501211712197553,0.7125199999999998,0.44833999999999996
88,Moss111537506,2,149,2330,189,189,0.5684400000000001,0.044595138748522806,0.7201799999999999,0.48316
89,Indicator114917208,3,250,5792,318,318,0.6099,0.12298159211849553,0.8088000000000001,0.50644
90,Moor109358751,5,431,11148,490,490,0.7329600000000001,0.1313412440933921,0.8768800000000001,0.65496
91,ArmoredDinosaur101701551,4,302,7641,482,482,0.82868,0.03260671096568926,0.8814399999999999,0.7848599999999999
92,Ethicist110065066,25,2402,73360,2631,2631,0.7256600000000001,0.09192822417516829,0.893,0.62126
93,Pet101318894,5,450,10962,482,482,0.26526,0.0851228429976349,0.7221,0.16448000000000002
94,Dictator110012244,14,1361,42175,1459,1459,0.6302800000000001,0.1874892146231351,0.86582,0.53006
95,Sweater104370048,6,510,12919,626,626,0.60312,0.08495479739249573,0.8248,0.48358000000000007
96,Woodpecker101838598,7,656,9794,820,820,0.9138399999999999,0.030549409159589327,0.9582599999999999,0.87382
97,Grammar106174404,11,1088,33227,1112,1112,0.8680199999999999,0.14055920318499246,0.91462,0.85466
98,Production100913705,7,621,17265,739,739,0.39262,0.13210585755370574,0.8167599999999998,0.2655
99,Algebra106012726,13,1275,30459,1678,1678,0.69184,0.049568562617852856,0.7843199999999999,0.6199999999999999
100,Myth106372680,18,1730,50778,1850,1850,0.5449400000000001,0.24875505703402295,0.76518,0.45788
101,ChamberOfCommerce108319061,4,311,8554,326,326,0.69858,0.09675051214334736,0.83064,0.6122599999999999
102,NationalFlag106882009,15,1494,35613,1895,1895,0.8153,0.03593789086743961,0.8725799999999999,0.76714
103,Keeper110229498,8,766,19588,818,818,0.3368,0.08968995484445288,0.7551,0.21864
104,WoodRat102338901,3,267,4699,293,293,0.78894,0.06484731605856943,0.85196,0.7359600000000001
105,OrganicProcess113526110,14,1343,29850,1518,1518,0.5963,0.05610119428318794,0.86554,0.45854
106,Polysaccharide114994004,5,402,10611,497,497,0.6184,0.08861695097440443,0.85498,0.49084000000000005
107,Spokesperson110638385,13,1222,36185,1266,1266,0.534,0.21806776011139292,0.9417200000000001,0.40792
108,CollectiveFarm108056747,5,477,7106,570,570,0.7311,0.023594406116704845,0.8120800000000001,0.66584
109,Explosive103304730,19,1864,52449,2238,2238,0.61432,0.09055907243341221,0.80372,0.50176
110,Woodworker110790192,29,2815,81767,2960,2960,0.6558200000000001,0.17629168329787995,0.8405000000000001,0.57264
111,CupFinal107467027,7,638,17894,1100,1100,0.84838,0.04810427839600133,0.87004,0.8279400000000001
112,Typhoon111521145,5,463,8776,568,568,0.9099600000000001,0.024556107183346478,0.9497200000000001,0.87456
113,Interpretation107170753,43,4232,125287,5753,5753,0.79762,0.04343129747083316,0.92934,0.69986
114,PhysicalTherapist110427764,2,180,3703,187,187,0.5410799999999999,0.06609585160961313,0.7783599999999999,0.41966000000000003
115,PiciformBird101838038,8,763,11376,968,968,0.92194,0.015523478991514765,0.9629000000000001,0.88498
116,Operetta107027090,7,667,22499,838,838,0.8068199999999999,0.05321636590373303,0.93714,0.71128
117,Curse107125096,7,603,19130,643,643,0.6260399999999999,0.14349034253217183,0.82622,0.52654
118,RockOpera106592281,10,902,27233,970,970,0.6295,0.145669845884452,0.8934199999999999,0.50108
119,Dragonfly102268443,5,413,7538,633,633,0.8375,0.050967048178210184,0.8939999999999999,0.78818
120,ComicOpera107026646,14,1325,48482,2184,2184,0.87726,0.028664444875141068,0.9237200000000001,0.8359400000000001
121,Session107145508,3,288,7125,340,340,0.7653399999999999,0.04531686661718793,0.88598,0.6808799999999999
122,Cipher106254239,7,693,18869,1318,1318,0.80026,0.03424538509054905,0.9065999999999999,0.7191000000000001
123,Epidemiologist110061882,4,391,9145,409,409,0.5938199999999999,0.06396434631886735,0.7918000000000001,0.47988
124,BabyDoctor109828760,8,754,21343,777,777,0.54542,0.0356015392925643,0.77086,0.42306
125,LogicalFallacy105894143,6,546,13783,653,653,0.60564,0.07312962737495655,0.8791800000000001,0.46604
126,Minority107966570,15,1488,42074,1588,1588,0.51292,0.04150129636529442,0.78948,0.38127999999999995
127,SportUtility104285965,16,1547,33380,2211,2211,0.7781999999999999,0.02755822926096669,0.8753599999999999,0.7014199999999999
128,Stimulant104320126,5,425,10335,580,580,0.77282,0.050257393485934,0.8473200000000001,0.7175800000000001
129,Performance100550771,2,200,5411,257,257,0.57568,0.11969373250091249,0.8699999999999999,0.44196
130,Paramilitary108207209,48,4769,147796,5323,5323,0.6671799999999999,0.02958258947421607,0.8562799999999999,0.54694
131,Orphan110384392,17,1621,50112,1798,1798,0.5415,0.059097140370748896,0.8569000000000001,0.39878
132,Bomber102867715,30,2938,79335,3632,3632,0.85922,0.010875734457957318,0.9040199999999998,0.81878
133,ComputerSystem103085915,15,1415,37793,1508,1508,0.4662,0.14089012740430037,0.67726,0.36613999999999997
134,ChamberOrchestra108248411,6,526,18051,634,634,0.73262,0.09390921999463099,0.8823000000000001,0.6317
135,Veterinarian110749715,7,617,14771,633,633,0.54412,0.046292435667179985,0.7762399999999999,0.41928
136,Ethologist110065911,14,1310,38595,1403,1403,0.76594,0.07026682289672703,0.93076,0.65712
137,Hurdle103549589,2,126,2574,159,159,0.8442399999999999,0.05519944202616546,0.9023,0.7937000000000001
138,Target107262108,5,436,10227,471,471,0.68672,0.1369143440257448,0.9180999999999999,0.56354
139,Machinery103701640,5,403,7603,454,454,0.5804,0.12060641773968747,0.76116,0.47498000000000007
140,AcademicDegree106697331,155,15426,418622,22568,22568,0.8808199999999999,0.035821859248230004,0.9049200000000001,0.8591799999999999
141,Workstation104603399,4,331,8240,381,381,0.57064,0.14795969180827595,0.80578,0.45278
142,Developer110010062,6,524,15116,584,584,0.6174000000000001,0.09756103730485852,0.8716200000000001,0.48823999999999995
143,Yeshiva108278032,6,526,14773,636,636,0.6199600000000001,0.08717432190731395,0.77752,0.5177
144,Burg108671168,13,1275,29805,1384,1384,0.68896,0.03394375347541872,0.8507999999999999,0.58044
145,CoccidInsect102248368,2,161,3411,248,248,0.7531800000000001,0.057220499823052946,0.79968,0.71384
146,Dock103217191,4,373,9604,460,460,0.79988,0.06174714244400302,0.86098,0.7503
147,Postmaster110459575,15,1476,40587,1507,1507,0.73806,0.16287165008066934,0.87996,0.66562
148,Nunnery103835853,3,243,6370,259,259,0.69614,0.10596940313128125,0.79322,0.62654
149,SexualAssault100774107,8,740,22562,773,773,0.59344,0.10820235856948775,0.83294,0.46534000000000003
150,Version107173585,43,4232,125287,5753,5753,0.79762,0.04343129747083316,0.92934,0.69986
151,Identity104618070,4,379,11055,425,425,0.54948,0.12189926004697484,0.8251799999999999,0.42134
152,Biplane102842573,18,1776,37193,2075,2075,0.8134399999999999,0.020966125059247373,0.88468,0.75352
153,Gecko101674990,4,320,7641,611,611,0.7728200000000001,0.08536962926005948,0.8388,0.7183599999999999
154,Extension115272382,4,331,8914,368,368,0.40122,0.0782206980280795,0.7077800000000001,0.29196
155,Seismologist110576513,3,213,5596,227,227,0.70196,0.08176267118924135,0.87652,0.5969399999999999
156,Pteridologist110490330,21,2027,40677,2149,2149,0.77124,0.12296837967542713,0.9345800000000001,0.6748799999999999
157,Confusion105683582,28,2766,83420,3166,3166,0.58632,0.09054526823639103,0.81192,0.4678800000000001
158,Battlefield108506641,10,957,25816,988,988,0.7432999999999998,0.2295259462457349,0.9426599999999998,0.66218
159,System105902872,45,4478,130802,5493,5493,0.63628,0.1405655633503455,0.8125,0.5370000000000001
160,Solution114589223,7,693,18013,756,756,0.41590000000000005,0.14167073092209273,0.7998000000000001,0.29072
161,Jewel103596787,5,440,13740,469,469,0.64792,0.24412226772664555,0.8229,0.5737
162,Practice105667196,17,1678,49164,1701,1701,0.11699999999999999,0.09454770224600913,0.66772,0.06858
163,HotSpot108586330,46,4547,141664,4782,4782,0.83728,0.06921937301074028,0.9151199999999999,0.7792600000000001
164,CopperMine103104147,5,497,12334,524,524,0.59196,0.07685546434704561,0.8121,0.46958
165,OrthopterousInsect102226183,2,190,4175,260,260,0.6097999999999999,0.14060978628815282,0.7274400000000001,0.53384
166,Analyst109791530,5,428,12071,536,536,0.7588000000000001,0.06990799668135256,0.90312,0.6592800000000001
167,AquaticMammal102062017,26,2574,59370,4283,4283,0.87196,0.02132375201506525,0.91342,0.8341799999999999
168,Antioxidant114724645,6,586,15378,692,692,0.57536,0.1755604807466646,0.80026,0.47976
169,Suffragan110672540,3,268,7703,323,323,0.82114,0.03162483833950775,0.85754,0.7939200000000001
170,TravelAgency108355692,2,170,4171,194,194,0.40846,0.06624024758407837,0.75846,0.28293999999999997
171,Cabalist109885534,15,1500,46750,1662,1662,0.7933600000000001,0.13288058699448918,0.9071200000000001,0.7171999999999998
172,BloodDyscrasia114053850,11,1001,24058,1212,1212,0.72102,0.10669233149575463,0.82324,0.64684
173,Sabotage101244895,3,274,6681,305,305,0.67458,0.0836124727537704,0.79326,0.5885
174,Vaccine104517535,4,341,8277,431,431,0.6140399999999999,0.1350426391922196,0.7708,0.52134
175,Shark101482330,3,256,5992,290,290,0.5204,0.03577675222822776,0.83414,0.3797
176,Tiger110710632,5,481,11783,511,511,0.31978,0.057914744236679486,0.73144,0.20892000000000005
177,FloorCover103366823,2,195,4840,248,248,0.6309,0.08038892958610658,0.84666,0.5126799999999999
178,Astrophysicist109819291,7,625,15892,645,645,0.48225999999999997,0.25560249294558923,0.7858799999999999,0.37524
179,Rancher110506417,19,1867,51800,1898,1898,0.68186,0.27230549461955406,0.89458,0.6177
180,Transmission100121366,11,1024,28287,1199,1199,0.6039,0.07945735963395716,0.74554,0.51448
181,MiddleAge115153472,69,6883,207328,7547,7547,0.6341000000000001,0.09460860425986636,0.8429,0.51522
182,Extent105123416,4,330,9172,408,408,0.4259799999999999,0.17455058178075486,0.65876,0.33130000000000004
183,Exhibition108407619,18,1727,51912,1944,1944,0.69352,0.09005432582613675,0.83484,0.60274
184,Hut103550153,3,269,6537,437,437,0.76144,0.06796936368688472,0.88002,0.6773999999999999
185,Rug104118021,2,195,4840,248,248,0.6309,0.08038892958610658,0.84666,0.5126799999999999
186,JobAction101242164,7,604,17371,612,612,0.6059599999999999,0.10727716625638467,0.7637,0.5086799999999999
187,SupportingStructure104361095,29,2821,74638,3078,3078,0.6760200000000001,0.22360286581347746,0.79248,0.60978
188,Indicator107262579,5,436,10227,471,471,0.68672,0.1369143440257448,0.9180999999999999,0.56354
189,ChemicalProperty105009758,24,2390,63866,2747,2747,0.65784,0.09752397858988321,0.8350199999999999,0.54952
190,Eye105311054,28,2741,72470,3159,3159,0.58266,0.08073716863997649,0.76098,0.47476
191,Clique108240633,34,3392,103842,3815,3815,0.6721,0.07370134327134073,0.85196,0.55696
192,PersonalDigitalAssistant103918737,7,625,16388,772,772,0.6500999999999999,0.1653834937350158,0.8436999999999999,0.54832
193,ElectricMotor103273061,10,901,24974,1009,1009,0.60984,0.08229650296337021,0.80088,0.49775999999999987
194,Honor114436875,75,7495,242989,13256,13256,0.8535999999999999,0.027275116865010853,0.9092399999999999,0.8051999999999999
195,Doge110023264,4,377,7604,427,427,0.8540800000000001,0.049542644257245715,0.89764,0.81512
196,EquestrianSport100450700,13,1207,28444,1422,1422,0.6726599999999999,0.08722239620647898,0.8481799999999999,0.56224
197,Request107185325,9,830,25079,891,891,0.5989599999999999,0.10406841211433945,0.76578,0.5012800000000001
198,ReligiousSchool108284054,4,317,7513,350,350,0.7057,0.12424363162754058,0.89312,0.5956
199,Guitar103467517,42,4134,90318,5179,5179,0.77046,0.12231339419703796,0.87288,0.70024
200,RailroadTunnel104048441,3,244,6968,262,262,0.65886,0.06861086211380821,0.7878000000000001,0.5685200000000001
201,Crab101976957,4,382,7546,473,473,0.6386799999999999,0.07869275443139606,0.77594,0.54654
202,Color104956594,30,2999,82253,3945,3945,0.69458,0.022695321103698894,0.81502,0.6056600000000001
203,BlackHole109223177,4,360,9545,402,402,0.5031399999999999,0.12275760831818124,0.7698,0.38516
204,Picture103931044,22,2159,67158,2233,2233,0.52588,0.0969138050021771,0.9244600000000001,0.37268
205,Cabinetmaker109885866,3,266,6807,317,317,0.69638,0.042566108584177614,0.8816200000000001,0.5841999999999999
206,Ligament105295381,7,641,16865,791,791,0.82394,0.111000731529121,0.9253199999999999,0.7564399999999999
207,Balcony102777734,9,887,25951,915,915,0.5699799999999999,0.1214501939068028,0.8457000000000001,0.44042000000000003
208,Internee110212074,6,516,12091,598,598,0.7630199999999999,0.06700001194029746,0.9031399999999999,0.6671400000000001
209,Pie107625493,5,450,9764,491,491,0.45630000000000004,0.07368011943529952,0.77598,0.32463999999999993
210,User110741590,76,7538,214183,7975,7975,0.6603399999999999,0.09155749232039945,0.91584,0.52532
211,Visionary110756641,32,3195,99996,3532,3532,0.5657400000000001,0.20933941434904227,0.8631,0.44833999999999996
212,Cosmologist109819667,24,2394,71550,2646,2646,0.8333999999999999,0.07090548638857222,0.9285,0.7629400000000001
213,Ingredient103570709,12,1159,34049,1250,1250,0.39425999999999994,0.09738473391656415,0.8167200000000001,0.26539999999999997
214,Drive104835724,6,529,15919,658,658,0.73956,0.03894316884897784,0.8950400000000001,0.6336600000000001
215,Sedative104166553,6,594,11527,784,784,0.7112999999999999,0.045424530817609984,0.86006,0.6108800000000001
216,Tube104494204,9,822,21685,954,954,0.47000000000000003,0.061933964833522495,0.74596,0.34521999999999997
217,MalignantTumor114239425,5,433,10513,499,499,0.56558,0.18588785221202594,0.7789399999999999,0.46176000000000006
218,Blockage102853449,5,421,11022,447,447,0.54832,0.1105528543276925,0.8913399999999999,0.40428
219,Semanticist110577820,9,851,25206,985,985,0.75548,0.10902253711962495,0.94374,0.6429
220,PlantFamily111744583,8,762,16582,882,882,0.75656,0.08810551855587707,0.94278,0.64126
221,Drive103242713,7,617,18496,793,793,0.8111,0.04034040158451574,0.90886,0.7338
222,Squirrel102355227,6,596,14932,925,925,0.8977,0.019935997592295206,0.92402,0.8737200000000002
223,Peerage108388636,20,1967,62542,2452,2452,0.8300000000000001,0.06798023242090304,0.89168,0.78088
224,Distributor110018861,18,1748,48103,1806,1806,0.24064000000000005,0.07519842019617166,0.66424,0.15238000000000002
225,Rig104091097,9,865,24114,1093,1093,0.59624,0.09819331138117303,0.7971,0.4859399999999999
226,Spot104286128,42,4138,97426,4593,4593,0.8374400000000002,0.13016508902159596,0.92164,0.78506
227,Salamander101629276,3,257,5808,356,356,0.75936,0.04643363436131183,0.8379999999999999,0.69968
228,Orator110380672,43,4212,138288,4633,4633,0.7168,0.08949160854515914,0.9071999999999999,0.6010199999999999
229,Parachutist110397482,9,821,26157,840,840,0.74168,0.2590826308342572,0.9657,0.67104
230,Sea109426788,98,9757,303021,12048,12048,0.93904,0.005468674428049249,0.95428,0.92448
231,Atmosphere114524849,12,1108,27695,1398,1398,0.66984,0.04285746609401916,0.8175399999999999,0.57176
232,Visitor110757193,39,3882,115819,5368,5368,0.92964,0.03970897127854108,0.97416,0.8908200000000001
233,Convict109962966,3,276,8558,304,304,0.71192,0.0738201977781149,0.8088200000000001,0.6475199999999999
234,Accordionist109761310,20,1988,52444,2087,2087,0.4842000000000001,0.11834520691603864,0.9063800000000001,0.33824
235,Lama110243664,13,1242,34447,1752,1752,0.7516999999999999,0.03767126225652653,0.8131600000000001,0.7026800000000001
236,Program105899087,13,1245,35849,1442,1442,0.66768,0.1584172894604626,0.83802,0.5806600000000001
237,Spring115237044,2,167,4125,184,184,0.36176,0.07042694370764646,0.5742800000000001,0.2665
238,Autobiography106516087,5,426,12099,429,429,0.39084,0.14373351175004387,0.68862,0.2890400000000001
239,DerivedFunction106014730,3,248,5833,267,267,0.53108,0.13113813175426892,0.75208,0.4184
240,TreasureTrove113371355,2,189,4756,198,198,0.5727,0.10858754993091978,0.81882,0.44424
241,Cleric109928136,18,1702,46070,1900,1900,0.67072,0.10754655550039713,0.8025800000000001,0.5814600000000001
242,Effect105917477,17,1689,49666,1855,1855,0.55998,0.13884106597113116,0.76144,0.45565999999999995
243,Transducer104470953,9,868,22833,970,970,0.42544000000000004,0.11700679638379988,0.72966,0.31057999999999997
244,SocialAnthropologist110618465,9,804,23836,894,894,0.73274,0.06543749995224453,0.9112199999999999,0.61778
245,Concoction107882497,6,565,11496,655,655,0.48026,0.0743950159620925,0.7603800000000001,0.35700000000000004
246,Knife103623556,5,401,10474,444,444,0.38068,0.07708806392691414,0.7495200000000001,0.26046
247,Wing102151625,11,1085,24294,1175,1175,0.76264,0.030148538936406205,0.8629200000000001,0.68398
248,Compositor109949946,15,1441,41375,1622,1622,0.78496,0.07860897149816932,0.9121,0.69662
249,Pastry107622708,5,450,9764,491,491,0.45630000000000004,0.07368011943529952,0.77598,0.32463999999999993
250,Shore109433442,26,2511,76889,2682,2682,0.7149800000000001,0.10149150506323176,0.8899999999999999,0.60784
251,Mare102377480,7,677,17396,830,830,0.7611600000000001,0.04483046285730274,0.91448,0.6534
252,Poison115032376,6,556,14094,603,603,0.42666000000000004,0.114553456517034,0.7704599999999999,0.30489999999999995
253,Microscope103760671,6,589,14851,698,698,0.6645800000000001,0.06473547404630631,0.77294,0.58494
254,Model103777283,3,284,7565,302,302,0.26372,0.07534375621111546,0.7658400000000001,0.16118000000000002
255,Supercomputer104358117,9,839,21326,1050,1050,0.6026,0.14570346598485567,0.8445599999999999,0.4821
256,Aldehyde114584765,4,333,6968,385,385,0.67438,0.10297843269345286,0.8308199999999999,0.57654
257,Bumblebee102209624,1,98,2524,158,158,0.7112399999999999,0.07628416873768765,0.8827,0.6029800000000001
258,WaterSport100441824,25,2457,57405,2684,2684,0.68916,0.2572720552255919,0.87056,0.63116
259,Imidazole114916670,3,246,5171,274,274,0.57588,0.09269514334634799,0.8735199999999999,0.44201999999999997
260,Blacksmith109859152,3,295,7565,298,298,0.21186,0.06381440589710131,0.64052,0.12752
261,Manual106421685,6,513,14957,576,576,0.53142,0.06780968662366757,0.76844,0.41218000000000005
262,RotaryEngine104110654,7,636,16329,666,666,0.65042,0.20646269784152294,0.7955599999999999,0.58624
263,Decoder109995398,22,2193,64871,2469,2469,0.7321,0.1353447893344993,0.9212,0.62744
264,Expedition100968479,25,2458,74107,2728,2728,0.73506,0.07922135065750897,0.8585,0.6478200000000001
265,AngiospermousTree113109733,7,644,18609,801,801,0.6882199999999999,0.12491974063373652,0.8615999999999999,0.58526
266,Sloop104242408,4,373,11604,391,391,0.8272400000000001,0.07059262284403378,0.89326,0.7754200000000001
267,Officer110371741,12,1102,34718,1305,1305,0.6226200000000001,0.075703511147106,0.82606,0.51078
268,Bicycle102834778,5,488,12398,540,540,0.34286,0.16892100639056115,0.7191,0.23748
269,DaySchool108411585,8,709,17374,787,787,0.71892,0.17112197287315267,0.8388200000000001,0.65208
270,Brain105481095,14,1362,33387,2191,2191,0.78132,0.016805879923407766,0.84672,0.72604
271,Cheerleader109913593,7,611,14907,660,660,0.41129999999999994,0.1738822590145412,0.73776,0.30174
272,Pachyderm102453108,5,412,10667,476,476,0.57672,0.10007340106142092,0.7659,0.4708
273,Sulfide115063699,3,259,5632,281,281,0.6864,0.10076848713759674,0.81562,0.6025200000000001
274,Fastener103323703,9,838,19446,913,913,0.5792,0.08470704811289319,0.7464999999999999,0.4802199999999999
275,WadingBird102000954,20,1976,27695,2365,2365,0.8160000000000001,0.1959155226111499,0.9678800000000001,0.74866
276,MixedDrink107911371,6,540,11452,702,702,0.62878,0.014362088984545393,0.82118,0.50972
277,Connection113791389,4,346,8430,395,395,0.63832,0.11771591905940336,0.8657400000000001,0.51404
278,DefensiveStructure103171356,26,2554,69890,2746,2746,0.62068,0.07957611199348709,0.8493400000000001,0.4942399999999999
279,Speechwriter110631654,4,386,12579,416,416,0.65666,0.05531985538665119,0.93506,0.50936
280,Hotelier110187990,15,1494,42712,1530,1530,0.71162,0.216049979402915,0.9056000000000001,0.63224
281,AreaCode106354626,5,457,11230,630,630,0.8243599999999999,0.03472253446970715,0.84568,0.8046599999999999
282,Maneuver100168237,8,772,20986,900,900,0.49173999999999995,0.06952506310676747,0.7921799999999999,0.36032
283,Creation100908492,6,535,14649,552,552,0.40324,0.2651437693026182,0.76348,0.31936
284,Prospector110485298,3,286,6730,315,315,0.7130400000000001,0.08406448953035996,0.8293800000000001,0.6286400000000001
285,EdgeTool103265032,5,434,11533,477,477,0.38668,0.06003197148186957,0.79898,0.259
286,TankDestroyer104389718,6,517,13533,655,655,0.6298199999999999,0.06311273722474729,0.8010999999999999,0.51996
287,Paradigm113804375,30,2950,81565,3420,3420,0.60504,0.11972402599311467,0.79374,0.50076
288,Lack114449405,11,1088,28051,1233,1233,0.6167800000000001,0.04851929100883484,0.7983800000000001,0.5028400000000001
289,Spirit114526182,9,835,19919,1120,1120,0.69452,0.0799046281513155,0.8657599999999999,0.58884
290,Analysand109790188,29,2812,91061,3140,3140,0.82344,0.12547357650119012,0.96456,0.73698
291,TradingCard104465795,2,125,2933,144,144,0.48514,0.14955537569743188,0.6577,0.39658
292,DoubleAgent110027476,6,517,15636,599,599,0.4819,0.17178148910752872,0.7987,0.36124
293,Succession101010458,6,543,12575,916,916,0.8827400000000001,0.0112695341518627,0.9038599999999999,0.86316
294,Triangle113879320,5,481,11844,550,550,0.6061799999999999,0.07491639072993304,0.8203000000000001,0.48458000000000007
295,Antenna102715229,6,589,18047,694,694,0.60852,0.07362867376233256,0.8397,0.48260000000000003
296,MusicalNotation106814870,27,2673,73104,3873,3873,0.7056600000000001,0.07720441956261315,0.84214,0.61288
297,UnpleasantWoman110739636,6,533,9481,610,610,0.88444,0.02897879224536457,0.92118,0.8508800000000001
298,NurseryRhyme107222728,4,395,9940,610,610,0.8264400000000001,0.05160413161753621,0.9239,0.7516999999999999
299,Reasoning105772356,7,687,20071,784,784,0.5826800000000001,0.088781561148698,0.7375999999999999,0.48494000000000004
300,Detective110009484,10,993,30902,1094,1094,0.45671999999999996,0.32639092144237103,0.79532,0.38568
301,LightMachineGun103667552,6,542,14093,682,682,0.7172000000000001,0.06085793292579037,0.8572599999999999,0.6227400000000001
302,Bowl102881193,24,2308,68124,3305,3305,0.8826,0.030505343794161706,0.92082,0.84824
303,Psychic110488309,16,1571,48245,1679,1679,0.5137400000000001,0.21058506689696685,0.85086,0.40571999999999997
304,Volition105652593,4,318,9178,360,360,0.39594,0.16808282006201583,0.54354,0.31606
305,BridgePlayer109875353,16,1525,43543,1700,1700,0.77806,0.1192352062102465,0.9260200000000001,0.693
306,AnimalProduct114700745,6,521,14112,561,561,0.3938,0.21043875118428165,0.65432,0.29552000000000006
307,Forecaster110102506,33,3299,112153,3903,3903,0.7424799999999999,0.06855334856883362,0.91684,0.62902
308,RadialEngine104040373,7,606,15261,683,683,0.7404,0.05581433507621495,0.7927200000000001,0.6964600000000001
309,Smell105713737,13,1225,32967,1296,1296,0.82294,0.14053464483891506,0.9486799999999999,0.7414799999999999
310,Landslide107474185,5,435,11982,450,450,0.69056,0.11210039429011834,0.86784,0.58036
311,CognitiveScientist109934647,21,2017,58430,2432,2432,0.8278800000000001,0.03636533514213776,0.9343400000000001,0.7451399999999999
312,Conductor114821043,8,742,18991,917,917,0.5216999999999999,0.06016749953255497,0.7823800000000001,0.39288
313,Homeopath110182402,2,144,3694,150,150,0.46556,0.11313020109590544,0.71038,0.35728
314,NaturalLanguage106904171,42,4110,121432,4751,4751,0.80704,0.045492487291859535,0.89068,0.74066
315,Acquisition113253255,28,2727,72805,2896,2896,0.58076,0.07148878513445307,0.85498,0.44242
316,Conquistador109956780,13,1206,41169,1584,1584,0.85578,0.03698142236312714,0.89946,0.8177
317,Manuscript106407221,2,153,5042,210,210,0.8113999999999999,0.09148558356375062,0.9362,0.7301
318,Beer107886849,3,230,5739,274,274,0.5607,0.12600274600182326,0.88636,0.42105999999999993
319,Control100803617,8,782,19854,891,891,0.54118,0.08700938799922683,0.8046,0.41516000000000003
320,Minivan103770679,7,672,13787,994,994,0.7433399999999999,0.049040334419740685,0.85032,0.6636599999999999
321,Acme113940456,4,339,9641,381,381,0.6797,0.09449027463183711,0.82412,0.5885
322,Liabilities113396054,26,2565,78989,2787,2787,0.4149000000000001,0.14163413430384642,0.7170000000000001,0.3060999999999999
323,Regatta107468456,6,506,13033,639,639,0.80102,0.07964233547554966,0.8874600000000001,0.73494
324,Volunteer110759151,10,993,28526,1039,1039,0.3878400000000001,0.15632684478361353,0.7688200000000001,0.281
325,Steroid115057744,10,939,25516,1452,1452,0.7829599999999999,0.04055808673988458,0.86664,0.7150200000000001
326,Gazette106267655,4,400,10898,430,430,0.5771599999999999,0.21009456537473786,0.77478,0.49343999999999993
327,Wealth113353280,6,517,12026,554,554,0.46506,0.056697252138000476,0.7558399999999998,0.34072
328,Sensation105712076,13,1225,32967,1296,1296,0.82294,0.14053464483891506,0.9486799999999999,0.7414799999999999
329,Liquor107901587,7,630,15225,753,753,0.50746,0.08115670274228741,0.78386,0.38104000000000005
330,TennisCoach110701096,20,1971,37296,2388,2388,0.8781599999999999,0.03119606385427494,0.9562200000000001,0.8127000000000001
331,Grant113266892,5,473,14666,491,491,0.22572,0.12560142355881163,0.47669999999999996,0.15286
332,Film103338821,5,446,9966,470,470,0.5841999999999999,0.15714146492889774,0.83352,0.46369999999999995
333,GasolineEngine103424630,5,494,13537,543,543,0.59578,0.1072653793169073,0.80966,0.48773999999999995
334,BusRoute108517554,2,165,3316,175,175,0.40985999999999995,0.17001150078744673,0.72632,0.29875999999999997
335,AbsorptionIndicator114598383,3,250,5792,318,318,0.6099,0.12298159211849553,0.8088000000000001,0.50644
336,Shrub113112664,6,538,18274,672,672,0.5153399999999999,0.09259025002666318,0.79402,0.39026
337,Column103074380,3,259,6394,271,271,0.56626,0.16578495227251477,0.78434,0.46826000000000007
338,Plug103967942,5,421,11022,447,447,0.54832,0.1105528543276925,0.8913399999999999,0.40428
339,Good104849241,103,10214,297254,14344,14344,0.8129799999999999,0.052721547776976366,0.8777199999999998,0.7578600000000001
340,Trickery100752954,15,1476,43489,1541,1541,0.3837,0.14945012545996741,0.8210200000000001,0.25962
341,Immigrant110199489,13,1239,34343,1260,1260,0.39762,0.19405132723070975,0.8432000000000001,0.28303999999999996
342,Battleship102812201,10,966,28084,1148,1148,0.77038,0.06693607099314984,0.8709,0.69456
343,Diagram103186399,10,970,23801,1076,1076,0.7373200000000001,0.07522248068230668,0.8905000000000001,0.63316
344,StraightLine113869991,5,494,16307,646,646,0.5489200000000001,0.1381249926696831,0.6554800000000001,0.47684
345,Relay100318567,5,422,10636,449,449,0.81258,0.12982287009614293,0.8443799999999999,0.7875599999999999
346,ConcentrationCamp103086183,38,3783,109786,4839,4839,0.74512,0.07288438515896255,0.8893000000000001,0.6464
347,Heir110168584,21,2005,60833,2101,2101,0.75834,0.14841068155628154,0.8788600000000001,0.6830399999999999
348,Crisis113933560,36,3567,107358,3863,3863,0.7731399999999999,0.1288847640336126,0.8609199999999999,0.71388
349,Cookie107635155,3,223,4449,237,237,0.24503999999999998,0.0619683338488296,0.67872,0.1513
350,Model105937112,10,962,29099,1008,1008,0.42184,0.14045022748290584,0.8493600000000001,0.29769999999999996
351,Virus106585816,6,523,14053,621,621,0.69184,0.09357323548964201,0.8352999999999999,0.59512
352,Prime113594005,8,779,23097,2191,2191,0.8868600000000001,0.042433411364159755,0.9299,0.84834
353,Flagellate101416585,2,176,4207,221,221,0.5145799999999999,0.1361016590640981,0.71248,0.4105600000000001
354,Extension106335162,32,3141,84313,5114,5114,0.8317200000000001,0.02016962072028129,0.9098,0.76622
355,Provost110486468,10,920,21735,943,943,0.57904,0.029709163569511685,0.73508,0.47806000000000004
356,Fisherman110093658,9,852,25983,866,866,0.57618,0.1968292498588561,0.88142,0.45220000000000005
357,Monomer114682963,4,366,8758,422,422,0.56168,0.08144655671052028,0.80576,0.43664
358,Storyline106373645,9,826,27374,907,907,0.7001799999999999,0.08694102368847517,0.91238,0.5753
359,Revolution107424109,112,11192,343768,11810,11810,0.75588,0.014412966384474797,0.8655800000000001,0.67136
360,BowedStringedInstrument102880546,4,374,9857,399,399,0.5555,0.2183274238386007,0.7760400000000001,0.46654
361,Covering109257949,10,971,25343,1055,1055,0.5736,0.20793771182736429,0.8739600000000001,0.45208000000000004
362,EdibleFruit107705931,14,1354,41436,1999,1999,0.7622599999999999,0.058265790992657086,0.85336,0.69174
363,Movement107309781,27,2650,72268,3054,3054,0.5427,0.046235397694839815,0.7731600000000001,0.41947999999999996
364,Bartender109841188,6,596,17814,603,603,0.24312,0.05850963681309259,0.81592,0.14416
365,Opening100457890,6,543,12575,916,916,0.8827400000000001,0.0112695341518627,0.9038599999999999,0.86316
366,ComprehensiveSchool108413248,4,394,8362,422,422,0.7100799999999999,0.025958921395158176,0.75098,0.6751
367,Feat100036762,15,1482,38793,1769,1769,0.55896,0.06660647415979921,0.80738,0.4308599999999999
368,IndustrialProcess113497928,11,1043,25990,1111,1111,0.3291799999999999,0.07871491345355085,0.69786,0.2169
369,AnimalMaterial114755804,12,1151,31077,1229,1229,0.47592,0.24529119348235884,0.7496,0.38564
370,DestroyerEscort103180732,1,100,2099,116,116,0.80776,0.07636445770121071,0.94772,0.71076
371,Quartermaster110498986,4,386,11272,400,400,0.41136,0.17371947041135027,0.7641,0.30250000000000005
372,Inquisitor110208287,9,858,24920,890,890,0.5945,0.16629647019705499,0.8051400000000001,0.48616000000000004
373,RealNumber113729902,6,569,14738,613,613,0.5511600000000001,0.11189649860473741,0.8316800000000001,0.41776
374,Note106763273,7,627,18168,636,636,0.47278000000000003,0.2651141142979755,0.8820400000000002,0.36316000000000004
375,WorldPremiere106894371,40,3934,173965,8158,8158,0.9421199999999998,0.012582591148090285,0.95502,0.9296800000000001
376,Passage100318035,5,422,10636,449,449,0.81258,0.12982287009614293,0.8443799999999999,0.7875599999999999
377,Alkaloid114712692,10,911,19131,1182,1182,0.7430000000000001,0.04678221884434299,0.8304199999999999,0.6730799999999999
378,Sighting100880269,2,177,5037,191,191,0.48762000000000005,0.20202852669858284,0.8588000000000001,0.36866000000000004
379,LegalSystem105903229,45,4478,130802,5493,5493,0.63628,0.1405655633503455,0.8125,0.5370000000000001
380,Dress103236735,3,287,6481,298,298,0.27548000000000006,0.03376337660839034,0.55156,0.18424000000000001
381,Conduction111512818,4,387,11101,394,394,0.42092,0.221016346906739,0.7803800000000001,0.31602
382,Synthesist110687231,19,1899,49272,3212,3212,0.8126200000000001,0.042160237190983635,0.88802,0.75058
383,LegalCode106667792,13,1206,37218,1293,1293,0.5678,0.14674678872125277,0.7884800000000001,0.45684
384,KeyboardInstrument103614532,24,2390,55202,2917,2917,0.70686,0.13896869575555496,0.81738,0.6447200000000001
385,Leporid102323902,5,414,11442,469,469,0.5927800000000001,0.23479847018240982,0.80884,0.49415999999999993
386,Keyboard103614007,7,601,12887,655,655,0.61932,0.17749963830949061,0.7543,0.5314
387,Bull106726761,3,235,7778,247,247,0.59826,0.1371544326662467,0.89692,0.47329999999999994
388,Humaneness104828925,14,1388,38426,1432,1432,0.5677,0.09998817930135542,0.8691799999999998,0.4335
389,Key103613294,11,1058,28828,1468,1468,0.74782,0.05556187181872117,0.8556999999999999,0.66856
390,Midwife110314836,3,203,4912,212,212,0.5104599999999999,0.07475262135871893,0.7118800000000001,0.40438
391,Vigilante110753339,10,993,28526,1039,1039,0.3878400000000001,0.15632684478361353,0.7688200000000001,0.281
392,Table104379243,85,8457,243967,16068,16068,0.91928,0.02523722647201946,0.94436,0.8966200000000001
393,Feeling100026192,28,2705,77196,2986,2986,0.54498,0.07504277180381866,0.78382,0.42166
394,Medium110306279,14,1314,41569,1370,1370,0.5935,0.22346117336127994,0.89094,0.49216
395,Prayer101041968,9,853,26646,1072,1072,0.69468,0.07786021834030524,0.89368,0.5755
396,PoliceDepartment108121542,24,2389,63649,2616,2616,0.74098,0.0865104016867336,0.8715599999999999,0.64932
397,Vodka107906111,3,255,5741,286,286,0.48452,0.09285268762938417,0.75956,0.36322
398,Investigator110215623,12,1146,34996,1251,1251,0.4506,0.26887259436394784,0.8075800000000001,0.36232000000000003
399,Stairway104298308,8,703,18161,812,812,0.64646,0.19652283938514628,0.89064,0.5465199999999999
400,Bryozoan102313709,3,211,3506,289,289,0.81196,0.07537799678951412,0.84748,0.78272
401,Diol114835980,8,778,18155,938,938,0.6558400000000001,0.05622200992493954,0.84588,0.5382
402,SteroidHormone114745635,11,1091,27573,1839,1839,0.8012600000000001,0.06329159817858922,0.89354,0.73062
403,Pier103933529,4,309,7704,356,356,0.68308,0.043768271613121766,0.8449199999999999,0.57994
404,Mammalogist110286989,9,865,18935,889,889,0.75892,0.21452264589082432,0.9211,0.69002
405,Vivarium104539203,7,671,17769,809,809,0.68912,0.06869379593529537,0.8346600000000001,0.5883200000000001
406,Follower110099375,49,4856,141915,5933,5933,0.7103,0.1404381999315001,0.90748,0.6023000000000001
407,Supermarket104358707,10,921,25605,1049,1049,0.79346,0.03674542692635373,0.9017200000000001,0.7149
408,Century115205532,8,738,16574,837,837,0.90778,0.03818897223021325,0.9251400000000001,0.89154
409,Quarter108627919,16,1510,40645,2507,2507,0.86586,0.02667010311191163,0.9362799999999998,0.8102600000000001
410,ReligiousHoliday115183802,30,2932,84813,3653,3653,0.76086,0.017714694465330187,0.8641200000000001,0.67988
411,Indie108249854,10,955,28750,975,975,0.6666000000000001,0.18182679670499613,0.82112,0.58326
412,Resource113331778,13,1231,32937,1263,1263,0.49470000000000003,0.24496589966768845,0.6852600000000001,0.41458000000000006
413,Pyrimidine114999913,5,421,8945,561,561,0.6691800000000001,0.07500489050721958,0.8042199999999999,0.58456
414,Share113285176,5,482,13517,628,628,0.853,0.08534956356068846,0.87834,0.8316800000000001
415,Enterprise104836074,6,529,15919,658,658,0.73956,0.03894316884897784,0.8950400000000001,0.6336600000000001
416,Parade108428485,12,1189,34796,1409,1409,0.60246,0.09798531726743552,0.8140599999999999,0.4839399999999999
417,Formulation114873641,7,697,17911,835,835,0.5421199999999999,0.06385259274297324,0.7832600000000001,0.41574
418,GrandDuchess110141930,10,976,29387,1068,1068,0.7393,0.059318900866418604,0.8159399999999998,0.6812400000000001
419,Plot106373314,9,826,27374,907,907,0.7001799999999999,0.08694102368847517,0.91238,0.5753
420,Emir110052497,12,1149,31832,1242,1242,0.69948,0.052255273418096285,0.8039400000000001,0.62088
421,TributeAlbum106592421,8,788,20175,822,822,0.65676,0.11615659430269122,0.78212,0.5705
422,Circus108189211,4,326,8448,367,367,0.69194,0.15534045963624546,0.8887,0.58716
423,ArtExhibition108407839,17,1650,49586,1867,1867,0.6916,0.10265538466149741,0.83698,0.5994200000000001
424,Vicar110750031,6,570,15894,601,601,0.5273,0.1265017312134502,0.7915,0.41412000000000004
425,MaleSibling110286084,36,3538,104776,4010,4010,0.74342,0.08470309085269558,0.9289,0.6272
426,Body109224911,17,1696,45155,2078,2078,0.6232200000000001,0.11164875995728746,0.77822,0.52956
427,Fad105751173,11,1034,30048,1066,1066,0.24969999999999998,0.185934472328291,0.81674,0.17084000000000002
428,Laptop103642806,9,855,22797,992,992,0.70968,0.132093896906708,0.8117199999999999,0.63932
429,ScienceTeacher110560548,4,373,9186,386,386,0.4509,0.08407808275644732,0.78714,0.31648
430,Dyscrasia114053717,11,1001,24058,1212,1212,0.72102,0.10669233149575463,0.82324,0.64684
431,Band108249038,5,433,11439,491,491,0.47562,0.12728592066682,0.69384,0.37455999999999995
432,Alto109786115,9,828,23215,884,884,0.34528,0.1560436656836797,0.9022600000000001,0.22547999999999999
433,AutosomalDominantDisease114162025,4,367,8267,396,396,0.63646,0.15266940230445653,0.8079000000000001,0.5403800000000001
434,Publicist110490699,7,634,17685,684,684,0.45278,0.05957954011235738,0.76102,0.32632000000000005
435,LargeIndefiniteQuantity113757724,5,409,9318,454,454,0.6053200000000001,0.11790920913991407,0.89036,0.47728000000000004
436,Railing104047401,11,1093,25289,1301,1301,0.72726,0.0732743229242004,0.8246399999999999,0.66038
437,Sonnet106381372,3,269,27374,12060,12060,0.9945,0.005423651906234401,0.9982800000000001,0.9907600000000001
438,Dune109270735,3,277,6526,296,296,0.52062,0.20127465215471121,0.70976,0.42058
439,Seabird102021795,21,2028,33078,2469,2469,0.88774,0.035638327682426404,0.9565399999999998,0.8290200000000001
440,Lab103629986,26,2521,69267,2695,2695,0.7276200000000002,0.18146494317085052,0.8576799999999999,0.65876
441,Outstation108613985,7,664,20213,862,862,0.87148,0.03819619876375132,0.9437200000000001,0.8121400000000001
442,Exchange103302487,10,905,25354,965,965,0.6228800000000001,0.18839317822044407,0.85344,0.52396
443,DomesticAnimal101317541,21,2095,53713,2281,2281,0.34716,0.06461992262452812,0.7455599999999999,0.22844000000000003
444,Zither104615226,8,757,17309,908,908,0.7911199999999999,0.1303385039042569,0.9328200000000001,0.7001799999999999
445,Playmate110441037,19,1852,51272,2019,2019,0.7661800000000001,0.17487821362308112,0.9145,0.6841
446,Sage110546202,6,550,14138,766,766,0.70396,0.04157656070431993,0.82484,0.6185999999999999
447,NonvascularOrganism113084479,2,186,3089,236,236,0.5914200000000001,0.09910758598613932,0.73822,0.4979
448,Crystal114883206,6,559,15473,596,596,0.56196,0.2831405841627088,0.82704,0.49638
449,AromaticHydrocarbon114767996,4,335,7929,418,418,0.68338,0.10293404490254913,0.83424,0.58572
450,NuclearReactor103834040,7,699,19656,815,815,0.48353999999999997,0.06930640951600367,0.7121999999999999,0.37161999999999995
451,Commissar109942697,15,1433,42739,1692,1692,0.8521799999999999,0.08991029751924969,0.91324,0.80578
452,Eclipse107368646,2,195,4739,221,221,0.8572000000000001,0.1228793066386688,0.9196200000000001,0.81304
453,Corvette103113035,2,159,4133,171,171,0.66142,0.136996721128646,0.87482,0.5533199999999999
454,Glycoside114887305,10,934,21265,1184,1184,0.6744199999999999,0.08181553397735665,0.7940599999999999,0.58858
455,RegularPayment113281275,3,247,6224,301,301,0.61646,0.05082403368486213,0.7572000000000001,0.5218200000000001
456,Timepiece104437953,8,797,20360,923,923,0.548,0.07333812105583287,0.7531399999999999,0.4326
457,Topology105730365,7,666,18172,795,795,0.65904,0.11546021998939719,0.8086,0.57058
458,Well104572344,8,781,20675,832,832,0.3719,0.15269352311083792,0.67606,0.268
459,Devotion107544491,9,818,24383,925,925,0.66972,0.130138516973262,0.8726,0.56172
460,Apologist109798534,21,2055,66680,2254,2254,0.6505599999999999,0.1162740658960544,0.8850200000000001,0.5248
461,Weather111524662,38,3780,100501,4543,4543,0.7301200000000001,0.048534045782316564,0.84368,0.64678
462,Citation106763681,7,627,18168,636,636,0.47278000000000003,0.2651141142979755,0.8820400000000002,0.36316000000000004
463,AppellateCourt108330106,24,2349,76239,2609,2609,0.8293199999999998,0.049019114639087494,0.8707800000000001,0.7930400000000001
464,Sect108149781,71,7046,202440,8757,8757,0.77852,0.05507149534922763,0.8572200000000001,0.71706
465,Maar109344724,3,261,5771,289,289,0.5886600000000001,0.0757735996241435,0.7577400000000001,0.48633999999999994
466,RootVegetable107710283,9,893,25627,1035,1035,0.53264,0.2466517755865544,0.74938,0.44505999999999996
467,Ring104981658,8,709,18966,776,776,0.49154,0.07523976608150772,0.7381800000000001,0.37608
468,Organization101136519,38,3759,105031,3775,3775,0.92492,0.05882623224378729,0.9607600000000002,0.8960000000000001
469,Lookout103688943,4,345,8572,356,356,0.6506000000000001,0.07778161736554468,0.8278800000000001,0.5479800000000001
470,Chronicler109921168,16,1565,47865,1736,1736,0.69978,0.03908014329554076,0.8840600000000001,0.58046
471,Neologism106294441,47,4619,132932,4730,4730,0.28868,0.12827073555569876,0.67818,0.19254
472,FungusFamily111590783,7,606,11033,703,703,0.94912,0.019139738765197412,0.9644600000000001,0.9345800000000001
473,Nematode101930112,6,563,11635,711,711,0.60854,0.09759447935206171,0.75534,0.5226
474,Ignoramus110198958,6,562,14771,568,568,0.6274,0.16058559088535931,0.8537399999999999,0.5219600000000001
475,Marina103721590,30,2910,76924,3031,3031,0.72168,0.18041170028576306,0.9331399999999999,0.6225799999999999
476,WarGod110767654,10,916,26834,1002,1002,0.5570999999999999,0.11891151331977907,0.9122,0.41075999999999996
477,Directory106423619,6,517,11187,535,535,0.62892,0.27076775583514373,0.8244000000000001,0.54944
478,Sheet106255777,4,321,7380,340,340,0.5991799999999999,0.17221046890360642,0.7974400000000001,0.5005
479,BankRobber109838295,14,1375,40335,1593,1593,0.81282,0.13001894323520707,0.90704,0.75516
480,Werewolf109503121,11,1008,27531,1097,1097,0.5534,0.15478032174666134,0.89482,0.41592
481,Drink107885223,11,1051,27568,1125,1125,0.48999999999999994,0.2190297970596695,0.8201599999999999,0.37318
482,Booklet106413889,3,273,9118,274,274,0.40549999999999997,0.14828490145662168,0.76564,0.30192
483,BloodVessel105417975,8,737,15881,1067,1067,0.74576,0.010716827888885777,0.8107,0.69214
484,ClosedCurve113868248,3,262,6228,308,308,0.57092,0.06316031665531768,0.7305200000000001,0.4716
485,Decade115204983,3,291,5273,402,402,0.8167200000000001,0.03290139206781379,0.89726,0.75356
486,Cytokine114828193,6,524,16710,1089,1089,0.8473600000000001,0.06308450205874655,0.91706,0.79198
487,FilmCompany108003173,15,1443,41906,1478,1478,0.4923,0.20777140322960713,0.73334,0.38618
488,LegislativeAct106564387,7,660,20479,692,692,0.6635,0.09355648561163467,0.78948,0.5799799999999999
489,Native109620794,4,384,9605,467,467,0.52636,0.08693677242686206,0.8369,0.38808
490,Van104520170,7,672,13787,994,994,0.7433399999999999,0.049040334419740685,0.85032,0.6636599999999999
491,Census100653388,83,8239,158905,9281,9281,0.9158799999999999,0.06044168760052948,0.9227000000000001,0.9093199999999999
492,Dark113983515,19,1808,47131,2456,2456,0.71598,0.07457705813452285,0.83568,0.62934
493,CenterFielder110387476,26,2509,62929,2808,2808,0.7770400000000001,0.057571298404673836,0.9168199999999999,0.6775599999999999
494,Woodcarver110789963,5,422,10091,448,448,0.55632,0.13062458267875923,0.85036,0.42203999999999997
495,Union114418395,46,4526,142136,4873,4873,0.76694,0.10231392085146575,0.8738400000000001,0.69512
496,Marker107270179,10,967,29015,998,998,0.61736,0.3097449441072444,0.83862,0.5509600000000001
497,PartOfSpeech106317464,16,1515,38933,1878,1878,0.70462,0.1663566938839553,0.84558,0.61742
498,Novice110363913,17,1601,44037,1646,1646,0.5114400000000001,0.31612419458181307,0.8563599999999999,0.42325999999999997
499,Taxonomist110693824,10,1000,19229,1027,1027,0.7872600000000001,0.1878606781633666,0.93036,0.71772
500,ArmoredPersonnelCarrier102740300,10,983,21191,1265,1265,0.64228,0.031698542553246827,0.8073,0.5368999999999999
501,Ritual101027859,33,3275,98913,3483,3483,0.46772,0.1426991997174476,0.79898,0.34424
502,AcneRosacea114222352,5,480,14940,614,614,0.59376,0.09118273082113741,0.7493399999999999,0.5013
503,Partisan110402086,7,688,19306,752,752,0.75878,0.11389374697497665,0.9037200000000001,0.66842
504,OperaCompany108187370,17,1632,57117,2526,2526,0.899,0.026815219559048937,0.9342,0.86678
505,Loch109341987,7,634,15096,864,864,0.89444,0.02013500434566628,0.92154,0.8698599999999999
506,Phytochemical114983143,13,1257,31269,1696,1696,0.6542199999999999,0.06934820545623371,0.8458400000000001,0.5367999999999999
507,Bear102131653,6,593,17212,658,658,0.63524,0.20294375181315633,0.8452400000000001,0.5403
508,SpreeKiller110581648,3,273,7523,291,291,0.60168,0.16450999240167755,0.82,0.5032599999999999
509,HoldingDevice103525827,4,345,9970,380,380,0.63146,0.08824263368689762,0.8168799999999999,0.5257799999999999
510,Scale106856568,24,2348,62693,3022,3022,0.67324,0.09937236235493246,0.84252,0.5691599999999999
511,Marketplace103722288,12,1101,30733,1231,1231,0.7540199999999999,0.04730451986861297,0.8888999999999999,0.66102
512,News106681177,13,1258,34476,1324,1324,0.42488000000000004,0.0959551645301075,0.8652200000000001,0.28646
513,Lector110252222,23,2248,72047,2383,2383,0.6784399999999999,0.045481099371057446,0.9255599999999999,0.537
514,Pollutant114857278,12,1160,31368,1426,1426,0.6911400000000001,0.06104190691647829,0.86806,0.57792
515,Crop113085864,7,611,17175,729,729,0.38688,0.13541564754488308,0.80152,0.26318
516,ReconnaissanceVehicle104062807,5,477,10580,553,553,0.5834999999999999,0.0591250539111805,0.87034,0.44239999999999996
517,Democrat110002031,3,253,6212,258,258,0.7777999999999999,0.15443960631910456,0.9028600000000001,0.70606
518,Appellation106338908,75,7452,224813,7555,7555,0.7626,0.21658242772672023,0.9080999999999999,0.7051000000000001
519,Cutter103154073,7,636,16637,695,695,0.40036000000000005,0.07135255005954588,0.7943,0.27014
520,Organophosphate114969994,8,795,21102,1074,1074,0.71818,0.09840342270470066,0.866,0.6226800000000001
521,Name106720964,13,1259,36505,1411,1411,0.85838,0.09777834934176377,0.9391,0.80002
522,Prophet110483530,102,10128,320776,13235,13235,0.75758,0.025151811067992712,0.8450199999999999,0.6875199999999999
523,Beekeeper109846755,24,2317,67577,2344,2344,0.7024199999999999,0.19863753321061958,0.9504199999999999,0.59412
524,LiveryCompany108186898,5,404,11434,529,529,0.8748600000000002,0.024084069423583723,0.95686,0.80658
525,MajorityLeader110283824,7,647,19681,676,676,0.59534,0.11459076053504487,0.9054,0.45216
526,FungusGenus111592146,2,179,2533,195,195,0.9218399999999999,0.029657417284719854,0.9377600000000001,0.9099999999999999
527,Algebraist109784043,7,633,16541,688,688,0.60502,0.07526965922601218,0.86358,0.46706000000000003
528,Adornment102681518,6,578,17012,615,615,0.60368,0.224953981071685,0.83416,0.50824
529,Salad107806221,3,250,6306,280,280,0.47332,0.16411051642109958,0.6586,0.38553999999999994
530,MilitaryUniform103763968,8,752,17679,839,839,0.42813999999999997,0.09126534062830205,0.72218,0.30872
531,PrintingConcern108069627,4,363,8654,375,375,0.33587999999999996,0.13582069650830098,0.77782,0.22547999999999996
532,Strip104339291,4,393,10062,451,451,0.49408,0.08094732608307702,0.6161,0.41290000000000004
533,Faculty105650329,22,2139,55105,2443,2443,0.6470399999999998,0.19917137947004332,0.81332,0.56852
534,ReligiousMovement108473787,29,2804,84848,3369,3369,0.65562,0.13815555580576555,0.8408599999999999,0.5546800000000001
535,DipterousInsect102188699,7,628,13027,757,757,0.6630199999999999,0.08237556433797585,0.818,0.56292
536,Nebula109366940,2,155,3135,180,180,0.7705,0.06626054633037674,0.8075800000000001,0.7418199999999999
537,ToothedWhale102066707,7,678,15438,847,847,0.7124400000000001,0.14343551303634677,0.86732,0.6219199999999999
538,WarCrime100782518,43,4280,127881,4618,4618,0.57048,0.0557086492386954,0.78322,0.45406
539,JetEngine103596285,13,1291,35476,1587,1587,0.6304000000000001,0.037214996977025294,0.8156599999999999,0.5172200000000001
540,Box102883344,11,1015,17346,1536,1536,0.88874,0.037114773338928,0.9590799999999999,0.83048
541,GrandDuke110142060,41,4080,122304,4541,4541,0.7827200000000001,0.08243480818198097,0.8349,0.7381399999999999
542,Mime110318892,10,904,24635,970,970,0.67464,0.21702507320583952,0.9553200000000001,0.55792
543,ContractileOrgan105289601,12,1168,30709,2176,2176,0.85868,0.03757682264375208,0.9228999999999999,0.8058
544,SymphonicPoem107047373,4,368,10339,429,429,0.6026,0.0578759708341899,0.87052,0.4617
545,Employer110054657,22,2110,59928,2156,2156,0.6321200000000001,0.19201181630305986,0.86632,0.53828
546,Caricaturist109896170,17,1618,45299,1791,1791,0.64092,0.07486906971506992,0.8793599999999999,0.5095799999999999
547,Laminitis114348895,7,667,18082,690,690,0.48963999999999996,0.33882238178727214,0.76928,0.4406600000000001
548,Advantage105155821,9,839,24172,877,877,0.43976,0.11428344762037938,0.8109000000000002,0.30718
549,Gymnosperm111596108,7,676,19563,793,793,0.74696,0.14055379895257192,0.88828,0.6663
550,Past115120823,20,1916,59384,2243,2243,0.7326999999999999,0.10163117631908035,0.9384600000000001,0.6110599999999999
551,Usurper110742546,7,685,19419,833,833,0.6696799999999999,0.07411373421977874,0.84446,0.5603800000000001
552,Emirate108557396,28,2780,79729,3362,3362,0.8583999999999999,0.08952675577725354,0.91264,0.8201599999999999
553,Interchange103577818,9,825,21935,922,922,0.71052,0.11276723637652913,0.82134,0.63778
554,ComputerLanguage106899633,11,1044,25964,1148,1148,0.7365999999999999,0.12207905635284048,0.8646600000000001,0.66456
555,CreditUnion108234628,3,289,6994,365,365,0.6562600000000001,0.03995280215454229,0.7620199999999999,0.5791199999999999
556,EpidemicDisease114130166,6,510,12761,548,548,0.3108,0.12572272666467268,0.7150199999999999,0.2065
557,Captain109893344,5,476,13076,534,534,0.72578,0.07918531176929215,0.8495800000000001,0.6368199999999999
558,Homosexual110182913,13,1219,35053,1261,1261,0.51964,0.1839523046879272,0.89426,0.3868
559,Aphorist109798404,35,3433,120828,3686,3686,0.7985800000000001,0.062238200488124645,0.95906,0.6906800000000001
560,Mark105737153,9,871,22109,926,926,0.48392,0.2979541535203025,0.78956,0.40207999999999994
561,Philosophy106158346,15,1434,38897,1527,1527,0.54138,0.15576640716149295,0.78666,0.42976000000000003
562,Cookbook106413020,4,324,8752,337,337,0.62714,0.1890019957566586,0.82942,0.55022
563,Host108183802,6,523,16596,732,732,0.7912399999999999,0.05314988617109165,0.8881399999999999,0.71676
564,Worship101028655,9,853,26646,1072,1072,0.69468,0.07786021834030524,0.89368,0.5755
565,Piperazine103946814,4,315,5528,381,381,0.68408,0.041888299082201944,0.8623200000000001,0.57038
566,Seashore109428293,25,2485,76445,2653,2653,0.74036,0.07290082578407464,0.9027799999999999,0.63274
567,SoundingRocket104262530,3,202,3323,230,230,0.59286,0.05129801555615967,0.82144,0.4683400000000001
568,BloodTest105742551,4,383,9233,445,445,0.43751999999999996,0.0863521487862346,0.7592399999999999,0.30992
569,Cruiser103140900,16,1592,46736,2098,2098,0.8023999999999999,0.03673276466589469,0.8576599999999999,0.7554000000000001
570,VentureCapitalist110747965,6,590,17262,623,623,0.40966,0.22168612586267097,0.82454,0.30060000000000003
571,Stereotype105927586,8,766,22566,803,803,0.32938,0.1262512479146246,0.7322200000000001,0.21579999999999994
572,CardinalVirtue104847600,102,10180,296109,14308,14308,0.8144,0.04829670796234459,0.87974,0.75948
573,Supernova109451237,3,264,7206,314,314,0.55962,0.11905604394569812,0.7783800000000001,0.44350000000000006
574,Pronouncement106727616,6,529,14584,575,575,0.39986,0.05289652540573909,0.59028,0.30685999999999997
575,Fraternity108229467,40,3911,98329,6583,6583,0.9087999999999999,0.038169149846440105,0.9384399999999999,0.88224
576,Constant105858936,12,1180,30466,1328,1328,0.70178,0.17965174532967945,0.8665200000000001,0.6146399999999999
577,Perturbation107428450,7,664,15566,729,729,0.53782,0.19717387656583718,0.7413000000000001,0.45128
578,Organization101008378,6,543,12575,916,916,0.8827400000000001,0.0112695341518627,0.9038599999999999,0.86316
579,ComputerKeyboard103085013,7,601,12887,655,655,0.61932,0.17749963830949061,0.7543,0.5314
580,Veteran110749528,15,1423,43777,1469,1469,0.32721999999999996,0.10670667083177134,0.8333400000000001,0.20896000000000003
581,Primitive109627462,10,975,27623,1027,1027,0.3918,0.16016585154145688,0.83802,0.27254
582,Urologist110741493,2,134,3191,139,139,0.5002,0.1302653445855804,0.66182,0.44644000000000006
583,Promoter110482220,6,530,15217,580,580,0.43835999999999997,0.08492466308440676,0.77584,0.31005999999999995
584,SpiralGalaxy108271457,7,681,17343,921,921,0.82196,0.01931968943849768,0.84466,0.80336
585,MolecularBiologist110327143,9,849,21119,1045,1045,0.7588799999999999,0.0431318165627185,0.84724,0.69
586,MotorScooter103791053,2,172,4054,222,222,0.59634,0.13768765522006685,0.71136,0.5153
587,Margrave110294020,28,2766,73098,3053,3053,0.7091399999999999,0.03611988925785904,0.8216999999999999,0.62558
588,Killing107361576,6,503,15802,543,543,0.66386,0.09674253666304188,0.8483799999999999,0.55278
589,TalentAgent110690002,6,538,15797,543,543,0.35466000000000003,0.09963998394219058,0.83232,0.2305
590,Naphthalene114958564,3,216,4026,245,245,0.55702,0.1870229440469805,0.7903800000000001,0.45282
591,Helping107578363,11,1051,27568,1125,1125,0.48999999999999994,0.2190297970596695,0.8201599999999999,0.37318
592,Levy113308864,20,1905,57549,2059,2059,0.36808,0.09778068111851133,0.6874399999999999,0.2581
593,Table108266235,16,1567,34358,1618,1618,0.79422,0.08791524099949909,0.90116,0.7165
594,Trouser104489008,5,446,10901,495,495,0.47634,0.08677180648113762,0.6711400000000001,0.37185999999999997
595,OilTanker103845190,4,313,7989,332,332,0.5062599999999999,0.06277925134947054,0.6938000000000001,0.40275999999999995
596,Headdress103502509,11,1048,24603,1162,1162,0.5872999999999999,0.06025678385045123,0.78278,0.47291999999999995
597,Censor109903936,16,1509,45303,1767,1767,0.7827799999999999,0.07064019818771745,0.8351799999999999,0.74204
598,PlantMaterial114991712,7,662,17879,790,790,0.46948,0.07668620214875684,0.7750600000000001,0.33914000000000005
599,Laser103643253,6,548,14349,743,743,0.67042,0.07394436827778028,0.8003600000000001,0.5825400000000001
600,Quantity105855125,29,2874,75502,3356,3356,0.6516399999999999,0.04744869228967221,0.7987,0.5513399999999999
601,Copy103104594,3,252,7879,266,266,0.34786000000000006,0.25242128753336157,0.71722,0.26312
602,Titanosaur101710747,2,194,4034,310,310,0.8575799999999999,0.03968734810994556,0.86344,0.85442
603,Flatbread107682624,4,370,9122,422,422,0.49045999999999995,0.12281696299778788,0.80338,0.36644
604,Righteousness104826235,5,459,12790,475,475,0.57294,0.2031573439479853,0.6313000000000001,0.53784
605,Poisoner110448568,2,155,4152,175,175,0.56946,0.0787796318854055,0.7757,0.45524
606,Inspector110208847,4,357,9946,379,379,0.6847599999999999,0.2392691588985091,0.9116200000000001,0.6091199999999999
607,Coat103057021,5,470,9353,501,501,0.6599999999999999,0.1390612670731861,0.89108,0.5449999999999999
608,SealingWax104160036,5,403,8578,413,413,0.62004,0.07236440008733579,0.75676,0.5300800000000001
609,Artillery102746365,22,2112,58403,2736,2736,0.68568,0.021964826427723048,0.7635400000000001,0.62248
610,PrivateDetective110476671,10,993,30902,1094,1094,0.45671999999999996,0.32639092144237103,0.79532,0.38568
611,Inaction114010148,4,359,8706,407,407,0.51998,0.10882750387654766,0.7784600000000002,0.39662000000000003
612,Echinoderm102316707,2,145,2315,160,160,0.58234,0.13066685272095596,0.73358,0.5013
613,Draft113377268,34,3383,92409,3678,3678,0.9153399999999999,0.01795846318591879,0.94188,0.8913800000000001
614,Coordinator109963914,12,1112,27555,1230,1230,0.8150999999999999,0.03601260890299397,0.91766,0.73472
615,Recommendation106671637,16,1541,41960,1871,1871,0.76634,0.1271951665748349,0.87462,0.6894199999999999
616,Cicada102256656,2,152,2594,224,224,0.8048399999999999,0.08673540453586415,0.87314,0.7529
617,Qualification104717139,66,6570,180913,7810,7810,0.78766,0.07308087574735268,0.87984,0.7161
618,Abstractionist109758424,12,1104,35990,1534,1534,0.8953200000000001,0.03404793092098255,0.9725400000000001,0.83178
619,Ferry103329663,8,784,19114,880,880,0.67288,0.060874934086206624,0.83582,0.5675999999999999
620,Fairy109540430,13,1289,36591,1404,1404,0.32087999999999994,0.12095788357936824,0.79922,0.20573999999999998
621,Chiton103021121,2,120,1424,136,136,0.66038,0.18833404790424912,0.74536,0.59634
622,ExecutiveAgency108123696,14,1345,38341,1363,1363,0.67976,0.08817232218786121,0.8538599999999998,0.5718799999999999
623,Spice115050011,4,375,10842,425,425,0.21372,0.11868842235028657,0.75412,0.1337
624,Waterfowl101845132,13,1243,24530,1664,1664,0.8838199999999998,0.015304692090989605,0.9330999999999999,0.8399599999999999
625,Hagiographer110155692,7,612,20413,649,649,0.47962000000000005,0.20600362521082,0.83764,0.37716
626,Seafood107776866,3,253,5301,351,351,0.64898,0.15639440399195872,0.7651600000000001,0.5697599999999999
627,Caliph109887496,18,1773,53812,2167,2167,0.8001199999999999,0.07334241337725395,0.90442,0.7281599999999999
628,Ratite101517565,7,662,18434,891,891,0.7303999999999999,0.09721917506335877,0.8683799999999999,0.6368
629,Cirque109245515,2,106,3051,123,123,0.63452,0.06898757569301879,0.9314199999999999,0.4866
630,Persecution100420477,8,744,22023,818,818,0.68814,0.18343769078354644,0.87074,0.59432
631,Pteridophyte111545524,4,347,8921,550,550,0.68488,0.07412053426682783,0.87112,0.56834
632,Glossary106420781,18,1706,42502,1732,1732,0.386,0.09568788847079863,0.84472,0.25348000000000004
633,Illusion105939636,27,2640,75744,2851,2851,0.5487599999999999,0.14670403675427612,0.8554600000000001,0.41836
634,Sketch104227144,2,164,4655,197,197,0.47078,0.12863406080817008,0.8720000000000001,0.33052
635,ComputerArchitecture106725249,6,533,11980,657,657,0.63758,0.16027476906862162,0.7733800000000001,0.5506800000000001
636,Footing113790912,14,1384,36891,1468,1468,0.38894,0.0930251277881412,0.74196,0.26904
637,Rebellion100962129,25,2496,71096,2578,2578,0.6497400000000001,0.07770605124441726,0.81634,0.54176
638,DietarySupplement107562495,5,411,11289,445,445,0.29818,0.1128764705330566,0.70224,0.20098000000000002
639,Vespid102212602,3,235,2003,251,251,0.925,0.009165587815301303,0.9448399999999999,0.9080400000000001
640,InfectiousDisease114127211,6,510,12761,548,548,0.3108,0.12572272666467268,0.7150199999999999,0.2065
641,Morality104846770,103,10214,297254,14344,14344,0.8129799999999999,0.052721547776976366,0.8777199999999998,0.7578600000000001
642,Hieroglyph106403679,13,1254,36110,1515,1515,0.5019,0.0812376021310329,0.7652800000000001,0.37878
643,Cutlery103153375,5,439,10464,471,471,0.42012,0.20864472579003765,0.7470600000000001,0.31706
644,Output100914632,7,611,17175,729,729,0.38688,0.13541564754488308,0.80152,0.26318
645,Acne114222112,5,480,14940,614,614,0.59376,0.09118273082113741,0.7493399999999999,0.5013
646,Friar110111903,6,556,17478,569,569,0.69174,0.3053048614090513,0.8695,0.6378600000000001
647,Mausoleum103732114,8,763,19673,831,831,0.55056,0.11399074699290289,0.80556,0.42935999999999996
648,Agronomist109780120,13,1233,30570,1260,1260,0.56386,0.08381340226956545,0.7706600000000001,0.44966
649,Attacker109821253,14,1302,35350,1434,1434,0.47230000000000005,0.061106169901246454,0.76252,0.3428
650,Gerbil102343772,2,189,2375,219,219,0.84558,0.07380979338814056,0.9162399999999999,0.7861800000000001
651,OpticalPhenomenon111490638,8,735,18168,914,914,0.66584,0.11924513574984934,0.8751800000000001,0.55286
652,Charge113306870,5,428,10287,476,476,0.47328000000000003,0.04867933442437354,0.7478,0.3519
653,ArtSchool102746978,11,1056,29307,1084,1084,0.7213200000000001,0.13165466038086157,0.86606,0.6402599999999999
654,Definition106744396,21,2022,60105,2191,2191,0.5812600000000001,0.22724242209587542,0.77858,0.5039199999999999
655,Escapee110062905,22,2197,67309,2296,2296,0.5705600000000001,0.19788686262609753,0.8682400000000001,0.46604
656,Anniversary115249799,15,1414,39673,1576,1576,0.67528,0.09340566149864792,0.8344400000000001,0.5763800000000001
657,Vole102339376,3,267,4699,293,293,0.78894,0.06484731605856943,0.85196,0.7359600000000001
658,Earldom114432875,22,2131,63310,2381,2381,0.79836,0.01987919515473399,0.8540199999999999,0.75038
659,TrueFrog101640846,3,208,5534,299,299,0.7707,0.06348476982710104,0.85662,0.7035
660,Lobbyist110268629,18,1737,51060,1818,1818,0.49096,0.1288074780437844,0.7801199999999999,0.36704000000000003
661,Force105194578,23,2296,65979,2540,2540,0.5696399999999999,0.1269775192701448,0.7722199999999999,0.46205999999999997
662,Commercial107250034,3,223,6675,235,235,0.3621,0.09108714508645005,0.71146,0.24587999999999996
663,Larceny100780889,17,1697,56361,1850,1850,0.77932,0.11906498057783403,0.83934,0.73418
664,Fluid114939445,6,533,13701,582,582,0.42514,0.08733646661046002,0.72404,0.30422000000000005
665,Atom114619225,20,1965,57179,3031,3031,0.7193400000000001,0.05980276247799929,0.83598,0.63322
666,Therapy100661091,7,605,16274,694,694,0.5770600000000001,0.06498961763235722,0.79486,0.45768
667,Pyridine114692510,6,515,10243,636,636,0.67752,0.031175336405562686,0.8305,0.57372
668,Fraud100753685,15,1476,43489,1541,1541,0.3837,0.14945012545996741,0.8210200000000001,0.25962
669,Purine114706749,5,435,11299,598,598,0.7383000000000001,0.08488573496177082,0.88202,0.63604
670,PrimeNumber113594302,8,779,23097,2191,2191,0.8868600000000001,0.042433411364159755,0.9299,0.84834
671,Special107166851,24,2304,67153,2402,2402,0.66524,0.142665981929821,0.8617600000000001,0.56406
672,Meme105985126,27,2622,78514,2848,2848,0.38168,0.12419594840412468,0.8088200000000001,0.25694
673,Good105159725,9,827,24005,865,865,0.39924,0.1948540335738524,0.7116,0.28524000000000005
674,Khan110230097,14,1305,33754,1812,1812,0.75912,0.05754634306365609,0.84328,0.69208
675,Ammonite109195958,6,581,6425,677,677,0.78248,0.04356192833197355,0.81024,0.7597799999999999
676,SportsEquipment104285146,10,968,26372,1660,1660,0.81326,0.04785555767097484,0.87478,0.76216
677,Field108659446,2,143,3053,166,166,0.7601199999999999,0.03919971428467305,0.8739799999999999,0.67376
678,Profanity107128527,7,603,19130,643,643,0.6260399999999999,0.14349034253217183,0.82622,0.52654
679,Position105079866,3,215,5351,410,410,0.82886,0.045581118898070094,0.93136,0.75144
680,Cyst114202996,3,279,4614,306,306,0.6853800000000001,0.10425761171252677,0.82022,0.59264
681,Particle109386422,12,1119,30054,1293,1293,0.56204,0.15151874603493787,0.76602,0.4718
682,Epistemologist110062385,28,2767,87513,3510,3510,0.8553,0.07783199856100317,0.94708,0.78806
683,Astrologer109817816,33,3228,110008,3827,3827,0.7412400000000001,0.07273803956665316,0.9163,0.6282000000000001
684,Passerine101524359,10,998,17495,1266,1266,0.8615999999999999,0.03186383529959944,0.954,0.78808
685,Drawbridge103233744,4,306,8603,360,360,0.7897799999999999,0.08998062902647436,0.8400400000000001,0.7468199999999999
686,End115266911,16,1519,44827,1991,1991,0.8431999999999998,0.07510986619612632,0.9148400000000001,0.7901999999999999
687,Disease114070360,248,24779,595953,34708,34708,0.76404,0.024795693174420413,0.8439599999999998,0.6984199999999999
688,MetallicElement114625458,10,994,27121,1123,1123,0.5771,0.17194072234348673,0.80374,0.47318
689,Pogrom100421210,8,744,22023,818,818,0.68814,0.18343769078354644,0.87074,0.59432
690,Cooperation101202904,3,296,8312,326,326,0.6265799999999999,0.07220380599386712,0.80576,0.51552
691,Believer109848489,48,4731,144586,6140,6140,0.77118,0.019433105773396086,0.8687799999999999,0.6963799999999999
692,TransitLine104472098,8,754,18793,2396,2396,0.9135,0.02196014571900652,0.92272,0.90464
693,Oncologist110377633,3,239,6238,248,248,0.5929599999999999,0.06778529634072569,0.8091200000000001,0.47152000000000005
694,Vibist110749928,10,981,24950,1039,1039,0.6530600000000001,0.14127181743008757,0.9561399999999999,0.51468
695,LanguageSchool108282950,4,364,10229,388,388,0.6701599999999999,0.1901995751835424,0.8971600000000001,0.5662
696,Phobia114381416,5,457,11674,508,508,0.65392,0.02174041397949913,0.84906,0.53234
697,Position106208751,8,719,18383,735,735,0.32952,0.2015706268284147,0.68472,0.23035999999999998
698,UrbanLegend106682952,13,1229,33435,1294,1294,0.4335,0.13189852159899293,0.89064,0.29684000000000005
699,Band102784218,4,393,10062,451,451,0.49408,0.08094732608307702,0.6161,0.41290000000000004
700,Lemma106751833,3,279,5690,293,293,0.7419600000000001,0.13851620266236006,0.85382,0.6624399999999999
701,SulfaDrug104352070,2,183,3963,237,237,0.603,0.09643443368423957,0.7650399999999999,0.506
702,DataStructure105728493,17,1665,44186,2063,2063,0.5603200000000002,0.03065207333933544,0.7430800000000001,0.45031999999999994
703,Glycoprotein114888310,9,841,21791,1178,1178,0.71774,0.07583768456381036,0.8181200000000001,0.6408
704,RanchHand110506544,8,722,19192,793,793,0.6159,0.23011554488995306,0.90382,0.52462
705,RegulatoryAgency108353406,16,1546,49017,1711,1711,0.7247600000000001,0.11944532807941884,0.8227400000000001,0.65608
706,Defamation106719579,26,2597,78465,2778,2778,0.5387000000000001,0.10209669926104371,0.812,0.41423999999999994
707,OilRefinery103844673,2,180,4442,187,187,0.64604,0.05262419975638583,0.80852,0.5398400000000001
708,Fluorescein114987695,3,250,5792,318,318,0.6099,0.12298159211849553,0.8088000000000001,0.50644
709,HiredHand110176679,9,884,23990,1018,1018,0.66986,0.0981582721934326,0.9233600000000001,0.53694
710,Plantation113252513,10,937,22943,1064,1064,0.66632,0.03702007023224024,0.7835599999999999,0.58148
711,Infection113498404,6,539,9508,643,643,0.86188,0.03289367112378914,0.9296199999999999,0.80414
712,Antibody115027189,10,904,20494,1222,1222,0.74234,0.0582163757030614,0.83754,0.6694
713,NervousTissue105296775,13,1202,26143,1479,1479,0.6854,0.05950159661723372,0.8246399999999999,0.59024
714,HandTool103489162,6,544,14059,617,617,0.41468,0.11066962365527407,0.79914,0.28754
715,Hog102395406,3,294,7684,326,326,0.53144,0.10775465836797961,0.76716,0.41178
716,Addition102679415,8,791,19452,879,879,0.3017,0.12692383542896896,0.72732,0.19604000000000002
717,Convict109963159,7,663,18406,686,686,0.4767799999999999,0.1983946410566576,0.8685,0.35014
718,Royalty108153437,39,3896,117907,4312,4312,0.6545399999999999,0.08667104706878762,0.8338599999999999,0.5443200000000001
719,Costumier109968259,15,1492,36255,1652,1652,0.6787199999999999,0.06890902408248138,0.91616,0.54374
720,Matrix108267640,13,1299,31436,1717,1717,0.6207800000000001,0.05641401953415481,0.72134,0.54762
721,Foreman110104209,23,2246,64102,2795,2795,0.7481599999999999,0.05934093359562184,0.89646,0.64524
722,Jet103595860,40,3992,99929,5149,5149,0.8438399999999999,0.03714784515957822,0.91242,0.78546
723,Carpenter109896685,9,836,23420,839,839,0.53438,0.25277839622879167,0.77024,0.43074
724,Glider103439814,5,427,8782,566,566,0.6772400000000001,0.07119703926428403,0.8608,0.5607800000000001
725,Protozoan101389507,3,277,6375,361,361,0.59214,0.09121088970073694,0.73306,0.5027200000000001
726,Autograph106407094,2,153,5042,210,210,0.8113999999999999,0.09148558356375062,0.9362,0.7301
727,MilitaryAcademy108279524,31,3043,85214,3387,3387,0.8366399999999998,0.03802034192376499,0.88872,0.7918000000000001
728,Autocracy108361001,31,3054,83647,3218,3218,0.58102,0.08808728398582852,0.82248,0.457
729,Judiciary108166187,7,685,18796,703,703,0.54064,0.06490009553151674,0.6668999999999999,0.45810000000000006
730,Alchemist109781921,22,2153,68600,2500,2500,0.6874,0.10899080695177917,0.8947600000000001,0.5715
731,Set107999699,7,628,17665,679,679,0.6104,0.13273493888196886,0.83894,0.49617999999999995
732,Builder115097209,3,294,6533,310,310,0.4808,0.1258580946939846,0.7289199999999999,0.38543999999999995
733,InorganicCompound114919511,5,414,10064,434,434,0.5159,0.16471346028785866,0.73782,0.40906000000000003
734,Alloy114586769,18,1754,48358,2150,2150,0.65508,0.10749127220383986,0.77824,0.5700000000000001
735,DiagnosticTest105739043,5,412,9857,478,478,0.43498000000000003,0.042538848127329436,0.73734,0.31038
736,Formula106731802,24,2310,60491,2846,2846,0.8120799999999999,0.08034753014250035,0.86456,0.76934
737,MalevolentProgram106573020,6,523,14053,621,621,0.69184,0.09357323548964201,0.8352999999999999,0.59512
738,Minesweeper103769100,5,450,8686,479,479,0.80374,0.048219357108945364,0.8387399999999999,0.77178
739,Succulent113084184,5,488,10117,638,638,0.6708000000000001,0.04539343564878075,0.7774599999999999,0.5921799999999999
740,Tavern104395875,11,1030,24774,1078,1078,0.6092000000000001,0.1435651489742549,0.75046,0.5215000000000001
741,Secularist110574538,8,781,23686,831,831,0.5671800000000001,0.19554346217657087,0.93956,0.43054
742,PrimaBallerina110471640,6,579,14383,762,762,0.8393999999999998,0.048053719939251324,0.92746,0.7686999999999999
743,Berry107742704,8,750,22321,982,982,0.69268,0.12472724481844376,0.82616,0.60642
744,Campsite108518171,5,464,9953,473,473,0.6668399999999999,0.06292940806967756,0.8584399999999999,0.54678
745,Intelligence100981830,5,407,11630,424,424,0.5212399999999999,0.09063556917678622,0.7648199999999999,0.40047999999999995
746,DesignerDrug103179489,3,249,4953,325,325,0.65518,0.09023831558711631,0.83342,0.5473
747,Monoplane103783873,22,2192,55416,2373,2373,0.7175600000000001,0.07538447054931141,0.8992799999999999,0.60128
748,Glucoside114887801,2,153,3260,188,188,0.60004,0.12529973024711585,0.72804,0.52064
749,Charter106471737,19,1869,64001,1935,1935,0.69552,0.13764494033563313,0.82332,0.6164799999999999
750,HomopterousInsect102246011,4,393,8069,594,594,0.7600399999999999,0.06701917934442347,0.8150999999999999,0.715
751,TeleostFish102528163,12,1158,24417,1583,1583,0.7958000000000001,0.04828034796892002,0.88674,0.72316
752,Parlance107081177,11,1078,31094,1095,1095,0.18705999999999998,0.09414912851428843,0.65142,0.11574
753,Motto107152259,37,3603,99418,3704,3704,0.39588,0.23233914349502108,0.8528399999999999,0.29005999999999993
754,NewsMagazine106596474,65,6461,228031,7531,7531,0.9282599999999999,0.008073809509766763,0.9621600000000001,0.89692
755,Assay100791527,5,413,9864,479,479,0.4379799999999999,0.04346540693471074,0.7470600000000001,0.31205999999999995
756,MusicSchool108283649,49,4804,138848,5718,5718,0.8028400000000001,0.04650722954552335,0.8821999999999999,0.73778
757,GrammaticalCategory106309383,20,1956,51650,2641,2641,0.744,0.09470499458845873,0.8535600000000001,0.66326
758,Metropolitan110313239,5,402,10230,437,437,0.60778,0.065316166452112,0.73978,0.5205
759,Evaluation105736149,11,1029,26481,1199,1199,0.5335799999999999,0.206259558808798,0.82718,0.43232
760,Drawing103234306,12,1134,28456,1273,1273,0.71476,0.0605794882777991,0.88382,0.6035
761,Synapsid101719403,8,753,11332,1105,1105,0.87776,0.02122146083567294,0.8840600000000001,0.8721
762,Pope110453533,88,8786,272696,11117,11117,0.8692399999999999,0.020795057104994942,0.9014,0.8399599999999999
763,Test101006675,3,255,6125,295,295,0.5950200000000001,0.07682742739412793,0.81634,0.47350000000000003
764,DynamicalSystem106246361,15,1454,35866,1643,1643,0.56088,0.11620112563998683,0.7346600000000001,0.46037999999999996
765,RiverBasin108518940,82,8163,248576,8988,8988,0.7663,0.048475560852866896,0.8939600000000001,0.67184
766,Sonneteer110625000,38,3762,204146,6867,6867,0.94324,0.01736025345437098,0.96358,0.9251000000000001
767,Transvestite110726031,4,311,8703,333,333,0.5828,0.09903575112049182,0.90012,0.43926
768,Appliance102729837,7,603,15756,666,666,0.37661999999999995,0.0516824302834145,0.77884,0.25
769,Mountaineer110334567,6,557,10346,787,787,0.8600999999999999,0.02730597004319753,0.8659600000000001,0.8547600000000001
770,Board108322981,14,1344,36097,1505,1505,0.7045600000000001,0.06700643551182231,0.8455,0.6109600000000001
771,Guest110150940,39,3882,115819,5368,5368,0.92964,0.03970897127854108,0.97416,0.8908200000000001
772,Demonstration101177703,8,780,22759,904,904,0.5282600000000001,0.11956619254622103,0.7243799999999999,0.43364
773,Hall103478907,32,3149,100938,3504,3504,0.73814,0.09856844525506121,0.90872,0.63018
774,Stimulation105827684,8,783,16404,959,959,0.5782,0.17663933876687832,0.8240000000000001,0.4652
775,Kinsman110236946,36,3538,104776,4010,4010,0.74342,0.08470309085269558,0.9289,0.6272
776,Additive102679788,7,619,15353,700,700,0.4869600000000001,0.12851206324699638,0.8362,0.3542
777,GovernorGeneral110140597,10,968,26905,1016,1016,0.58498,0.08834736894780737,0.8293800000000001,0.45606
778,BallisticMissile102781338,15,1434,37485,2065,2065,0.72984,0.05359427581374712,0.8096399999999999,0.66554
779,Starches107566863,17,1628,38940,1864,1864,0.5954600000000001,0.10479991603050069,0.7803400000000001,0.48894000000000004
780,PipelineCompany108069487,7,699,18865,740,740,0.63296,0.13358183409431088,0.7957,0.54132
781,President110468962,17,1601,49140,1703,1703,0.6634800000000001,0.105466172775919,0.94192,0.5191800000000001
782,Encyclical106625062,4,365,13508,431,431,0.75888,0.06974855984176304,0.9417199999999999,0.6404799999999999
783,Metatherian101873982,13,1224,22748,1718,1718,0.8409000000000001,0.027377216805219606,0.9026400000000001,0.78718
784,Love107543288,9,820,24401,927,927,0.67024,0.12778377987835546,0.8728999999999999,0.56174
785,Skill105637558,29,2870,71515,3002,3002,0.6521600000000001,0.297560680198174,0.87178,0.5948
786,Photograph103925226,4,395,10958,421,421,0.6493400000000001,0.17169121817961455,0.91602,0.52636
787,Slab104233405,4,315,9131,370,370,0.6965999999999999,0.09326999517529741,0.91264,0.5708799999999999
788,AltoSaxophonist109786226,20,1970,56749,2363,2363,0.86866,0.02965080774616434,0.9726000000000001,0.78608
789,Campaigner109889691,2,195,4120,197,197,0.5027,0.05905482198770901,0.7924,0.3759
790,Continent109254614,176,17569,515580,24958,24958,0.93164,0.02429819746400957,0.94566,0.9182600000000001
791,RecordingStudio104064107,11,1063,31272,1149,1149,0.6993,0.09529214028449563,0.8533,0.60458
792,Gear103431243,7,681,18186,798,798,0.51352,0.11604515328095355,0.67892,0.4171
793,Diamond113371958,2,167,5268,185,185,0.53326,0.2294372471940857,0.72498,0.45288000000000006
794,Tunic104497570,2,120,1424,136,136,0.66038,0.18833404790424912,0.74536,0.59634
795,Alkene114713120,11,1093,25902,1449,1449,0.6737399999999999,0.02650830813160281,0.8192,0.57416
796,Interest113286801,5,471,13243,617,617,0.8614200000000001,0.06691936640465153,0.8733000000000001,0.8511200000000001
797,CrownJewel113330425,3,225,5440,260,260,0.5904,0.13509630638918296,0.6686799999999999,0.53664
798,Hadrosaur101705934,4,334,8420,517,517,0.8429,0.03472595571039048,0.88842,0.8026199999999999
799,Analgesic102707683,4,395,9653,456,456,0.62608,0.06763506191318229,0.8535,0.50072
800,Duty101129920,6,529,10483,583,583,0.68294,0.08810515535426967,0.89876,0.5577000000000001
801,Sura106461830,2,194,5459,329,329,0.8603,0.0447650309951864,0.94442,0.7941
802,Count100634586,83,8239,158905,9281,9281,0.9158799999999999,0.06044168760052948,0.9227000000000001,0.9093199999999999
803,Goldsmith110136615,6,549,15510,588,588,0.5314,0.10926699410160418,0.8271599999999999,0.39922
804,Batter109843956,12,1131,29185,1256,1256,0.78194,0.053286943991938625,0.9309999999999998,0.67676
805,Crystallographer109981740,5,453,11847,514,514,0.65524,0.07498964195140553,0.8907399999999999,0.52224
806,Diet107561112,13,1238,33653,1317,1317,0.32371999999999995,0.14187101747714365,0.7177,0.22208
807,Bias106201908,10,1000,25335,1120,1120,0.6212,0.0660831899956411,0.8555399999999999,0.49178
808,Mark106817782,5,443,12678,672,672,0.52952,0.19598162566934688,0.85352,0.40928000000000003
809,Elasmobranch101482071,3,256,5992,290,290,0.5204,0.03577675222822776,0.83414,0.3797
810,Paradox106724559,10,983,25037,1090,1090,0.67226,0.07040359649904258,0.87774,0.55018
811,Quintet107041795,41,4010,115539,4342,4342,0.73686,0.09440484309610392,0.95808,0.6077
812,InformationGathering100981711,5,407,11630,424,424,0.5212399999999999,0.09063556917678622,0.7648199999999999,0.40047999999999995
813,Variable105857459,17,1613,42809,1940,1940,0.6147400000000001,0.030502629394857116,0.7604200000000001,0.5163
814,HomeAppliance103528263,6,588,15505,650,650,0.41303999999999996,0.027548183243183203,0.80206,0.27874
815,Generator103434188,7,687,19906,770,770,0.5612600000000001,0.17642571921349787,0.70838,0.47237999999999997
816,PhotographicPaper103926412,5,446,9966,470,470,0.5841999999999999,0.15714146492889774,0.83352,0.46369999999999995
817,ConicSection113872975,8,781,22021,855,855,0.4170999999999999,0.058199209616626224,0.79174,0.28446
818,Perception105708432,13,1225,32967,1296,1296,0.82294,0.14053464483891506,0.9486799999999999,0.7414799999999999
819,Calligrapher109889170,10,930,23677,997,997,0.5785799999999999,0.026011720435219193,0.80366,0.45336
820,CognitiveFactor105686481,15,1464,37862,1559,1559,0.55096,0.1487832598110419,0.8754200000000001,0.41572000000000003
821,Millipede101786646,2,131,2238,172,172,0.5765,0.07259732777451249,0.66722,0.5210199999999999
822,BroadcastingCompany108002015,91,9072,264197,9668,9668,0.83116,0.08895310225056798,0.90234,0.77622
823,Lutist110277638,10,970,27492,1062,1062,0.7679199999999999,0.11131428300087998,0.9294800000000001,0.66674
824,Grenade103458271,6,509,13741,544,544,0.51198,0.23913640793488555,0.7289399999999999,0.41132
825,Sponge101906749,3,280,6043,386,386,0.68238,0.10676964737227523,0.6953799999999999,0.67282
826,Personification110418101,8,767,22123,797,797,0.40302,0.22993635989116643,0.8807,0.29822
827,Vicariate108100907,6,507,13041,655,655,0.66892,0.06668437298198132,0.7493799999999999,0.6107
828,Silversmith110598749,4,314,7984,329,329,0.4807200000000001,0.08363021941858098,0.8638,0.34236000000000005
829,AquaticBird101844917,50,4930,83168,6703,6703,0.9144399999999999,0.008356219240781091,0.94126,0.8893800000000001
830,Forum108309754,6,501,14357,537,537,0.5644,0.19707247397848338,0.8186199999999999,0.45287999999999995
831,Theosophist110707134,7,642,21142,715,715,0.7080400000000001,0.1796510907286677,0.90838,0.60506
832,Fastener110080337,3,260,5805,310,310,0.35496,0.07506121768263554,0.75222,0.23339999999999997
833,BarrierIsland109214760,14,1336,37570,1442,1442,0.7973600000000001,0.046682185038834687,0.9179400000000001,0.7081200000000001
834,ChemicalPhenomenon111409059,9,825,22625,867,867,0.4141,0.1305040689020844,0.6771,0.30584
835,MammalFamily101862557,27,2680,65924,3266,3266,0.8054599999999998,0.03390779261467781,0.9293799999999999,0.71304
