CMN_DF_000191_20131216_G00A0EBR6.xml	756	1236
CMN_DF_000191_20131216_G00A0EBR7.xml	1663	1759
CMN_DF_000191_20131223_G00A0EBRE.xml	1697	1885
CMN_DF_000311_20160205_G00A0ERCX.xml	1111	1199
CMN_DF_000311_20160205_G00A0ERCX.xml	1438	1535
CMN_DF_000311_20160205_G00A0ERCX.xml	1651	1774
CMN_DF_000311_20160205_G00A0ERCX.xml	1861	1984
CMN_DF_000311_20160205_G00A0ERCX.xml	2681	2797
CMN_DF_000311_20160205_G00A0ERCX.xml	2958	3063
CMN_DF_000191_20150312_G00A0ED8U.xml	989	1074
CMN_DF_000191_20150312_G00A0ED8U.xml	1508	1634
CMN_DF_000191_20150312_G00A0ED8U.xml	2626	2707
CMN_DF_000191_20160104_G00A0EFG1.xml	987	1033
CMN_DF_000191_20160104_G00A0EFG1.xml	1126	1194
CMN_DF_000191_20160104_G00A0EFG1.xml	1279	1335
CMN_DF_000191_20160104_G00A0EFG1.xml	1577	1636
CMN_DF_000191_20160104_G00A0EFG1.xml	1913	1963
CMN_DF_000191_20160104_G00A0EFG1.xml	2053	2109
CMN_DF_000191_20160104_G00A0EFG1.xml	2381	2434
CMN_DF_000191_20160104_G00A0EFG1.xml	2702	2744
CMN_DF_000191_20160104_G00A0EFG1.xml	2825	2880
CMN_DF_000191_20160104_G00A0EFG1.xml	3140	3190
CMN_DF_000191_20160104_G00A0EFG1.xml	3385	3471
CMN_DF_000191_20160104_G00A0EFG1.xml	3651	3735
CMN_DF_000311_20131207_G00A0ENEC.xml	1392	1484
CMN_DF_000311_20131207_G00A0ENEC.xml	1571	1696
CMN_DF_000311_20131207_G00A0ENEC.xml	1928	2053
CMN_DF_000311_20131207_G00A0ENEC.xml	3016	3141
CMN_DF_000311_20131207_G00A0ENEC.xml	3327	3407
CMN_DF_000311_20131207_G00A0ENEC.xml	3690	3775
CMN_DF_000020_20151007_G00A0E9WO.xml	2514	2657
CMN_DF_000304_20150914_G00A0EIKA.xml	642	700
CMN_DF_000304_20150914_G00A0EIKA.xml	853	902
CMN_DF_000304_20150914_G00A0EIKA.xml	1434	1684
CMN_DF_000304_20150914_G00A0EIKA.xml	1835	2085
CMN_DF_000304_20150914_G00A0EIKA.xml	2186	2234
CMN_DF_000304_20150914_G00A0EIKA.xml	2383	2433
CMN_DF_000304_20150914_G00A0EIKA.xml	2601	2664
CMN_DF_000304_20150914_G00A0EIKA.xml	3080	3141
CMN_DF_000191_20131114_G00A04J1T.xml	982	1029
CMN_DF_000191_20131114_G00A04J1T.xml	1193	1253
CMN_DF_000191_20131114_G00A04J1T.xml	1428	1488
CMN_DF_000311_20131110_G00A0ENBK.xml	2056	2166
CMN_DF_000311_20131110_G00A0ENBK.xml	2441	2518
CMN_DF_000311_20131110_G00A0ENBK.xml	3111	3197
CMN_DF_000311_20131110_G00A0ENBK.xml	3370	3493
CMN_DF_000311_20131110_G00A0ENBK.xml	3851	3975
CMN_DF_000311_20131110_G00A0ENBK.xml	4316	4443
CMN_DF_000020_20130908_G00A0E8UW.xml	3238	3322
CMN_DF_000191_20130908_G00A0EBNB.xml	1349	1364
CMN_DF_000191_20130908_G00A0EBNB.xml	1521	1594
CMN_DF_000191_20130908_G00A0EBNB.xml	1700	1839
CMN_DF_000191_20130908_G00A0EBNB.xml	1944	2516
CMN_DF_000191_20130908_G00A0EBNC.xml	1634	1735
CMN_DF_000191_20150806_G00A04J20.xml	3217	3283
CMN_DF_000191_20150806_G00A04J20.xml	3739	3813
CMN_DF_000191_20150806_G00A04J20.xml	3893	3938
CMN_DF_000191_20150806_G00A04J20.xml	4012	4078
CMN_DF_000311_20140924_G00A0BFN3.xml	1530	1611
CMN_DF_000311_20140924_G00A0BFN3.xml	1973	2051
CMN_DF_000311_20140127_G00A0I4D2.xml	2303	2407
CMN_DF_000311_20140127_G00A0I4D2.xml	2732	2828
CMN_DF_000311_20140127_G00A0I4D2.xml	3034	3115
CMN_DF_000311_20140323_G00A0ENSU.xml	2084	2212
CMN_DF_000191_20130709_G00A0EBLC.xml	1260	1324
CMN_DF_000191_20130709_G00A0EBLC.xml	1849	1944
CMN_DF_000191_20151227_G00A0CQFM.xml	593	653
CMN_DF_000191_20160117_G00A0EFNL.xml	1366	1409
CMN_DF_000191_20160117_G00A0EFNL.xml	1490	1537
CMN_DF_000191_20160117_G00A0EFNL.xml	1649	1767
CMN_DF_000191_20160117_G00A0EFNL.xml	1883	1961
CMN_DF_000191_20160117_G00A0EFNL.xml	2048	2129
CMN_DF_000191_20160117_G00A0EFNL.xml	2255	2544
CMN_DF_000191_20160117_G00A0EFNL.xml	2659	2794
CMN_DF_000191_20151119_G00A0EEVD.xml	572	673
CMN_DF_000191_20151119_G00A0EEVD.xml	1061	1567
CMN_DF_000191_20151119_G00A0EEVD.xml	1658	2164
CMN_DF_000311_20120323_G00A0EKL8.xml	2010	2096
CMN_DF_000191_20150525_G00A0CSI4.xml	506	557
CMN_DF_000191_20150525_G00A0CSI4.xml	1065	1121
CMN_DF_000191_20150525_G00A0CSI4.xml	1435	1574
CMN_DF_000191_20150525_G00A0CSI4.xml	1882	2063
CMN_DF_000191_20150525_G00A0CSI4.xml	2304	2485
CMN_DF_000191_20150525_G00A0CSI4.xml	2643	2782
CMN_DF_000191_20150525_G00A0CSI4.xml	2917	2982
CMN_DF_000191_20150913_G00A0EE9E.xml	1220	1278
CMN_DF_000191_20150913_G00A0EE9E.xml	1369	1430
CMN_DF_000191_20150913_G00A0EE9E.xml	1643	1687
CMN_DF_000191_20150913_G00A0EE9E.xml	1769	1830
CMN_DF_000191_20150913_G00A0EE9E.xml	1977	2023
CMN_DF_000191_20150913_G00A0EE9E.xml	2108	2218
CMN_DF_000191_20150913_G00A0EE9E.xml	2589	2650
CMN_DF_000191_20150913_G00A0EE9E.xml	3099	3209
CMN_DF_000191_20160414_G00A0EHTB.xml	291	364
CMN_DF_000191_20160414_G00A0EHTB.xml	1836	1897
CMN_DF_000191_20160414_G00A0EHTB.xml	2043	2130
CMN_DF_000191_20160414_G00A0EHTB.xml	2636	2777
CMN_DF_000191_20160421_G00A0EI5G.xml	1031	1147
CMN_DF_000191_20160421_G00A0EI5G.xml	1481	1694
CMN_DF_000191_20160421_G00A0EI5G.xml	1801	1885
CMN_DF_000191_20160421_G00A0EI5G.xml	2259	2274
CMN_DF_000191_20160428_G00A0D3AC.xml	452	569
CMN_DF_000191_20160428_G00A0D3AC.xml	782	908
CMN_DF_000191_20160428_G00A0D3AC.xml	1152	1414
CMN_DF_000191_20160223_G00A0EG7C.xml	612	809
CMN_DF_000191_20160223_G00A0EG7C.xml	995	1086
CMN_DF_000191_20160223_G00A0EG7C.xml	1207	1404
CMN_DF_000191_20160223_G00A0EG7C.xml	1518	1661
CMN_DF_000191_20160309_G00A0EGJH.xml	423	982
CMN_DF_000191_20160309_G00A0EGJH.xml	2374	2488
CMN_DF_000191_20160309_G00A0EGJH.xml	3024	3080
CMN_DF_000191_20151222_G00A0EF9J.xml	505	594
CMN_DF_000191_20151222_G00A0EF9J.xml	1015	1174
CMN_DF_000191_20151222_G00A0EF9J.xml	1877	1946
CMN_DF_000191_20151222_G00A0EF9J.xml	2143	2251
CMN_DF_000191_20150826_G00A0CRFN.xml	1490	1547
CMN_DF_000191_20150826_G00A0CRFN.xml	2474	2525
CMN_DF_000191_20150826_G00A0CRFN.xml	2619	2672
CMN_DF_000191_20150826_G00A0CRFN.xml	4712	4765
CMN_DF_000191_20160319_G00A0EGSC.xml	1696	1754
CMN_DF_000191_20160319_G00A0EGSC.xml	1891	1957
CMN_DF_000191_20160319_G00A0EGSC.xml	2598	2671
CMN_DF_000191_20160319_G00A0EGSC.xml	2919	2964
CMN_DF_000191_20160319_G00A0EGSC.xml	3083	3155
CMN_DF_000191_20151106_G00A0EEQU.xml	816	1090
CMN_DF_000191_20151106_G00A0EEQU.xml	1275	1354
CMN_DF_000191_20151106_G00A0EEQU.xml	1600	1760
CMN_DF_000191_20151106_G00A0EEQU.xml	2160	2349
CMN_DF_000191_20150922_G00A0EEC2.xml	1027	1155
CMN_DF_000191_20150922_G00A0EEC2.xml	1392	1444
CMN_DF_000191_20150922_G00A0EEC2.xml	1893	1944
CMN_DF_000191_20150922_G00A0EEC2.xml	2069	2137
CMN_DF_000191_20150922_G00A0EEC2.xml	2357	2445
CMN_DF_000191_20150922_G00A0EEC2.xml	2617	2789
CMN_DF_000191_20150922_G00A0EEC2.xml	2997	3074
CMN_DF_000191_20150124_G00A0CL3L.xml	955	1045
CMN_DF_000191_20150801_G00A0EE1V.xml	1297	1364
CMN_DF_000191_20150801_G00A0EE1V.xml	1438	1672
CMN_DF_000191_20150801_G00A0EE1V.xml	1748	1982
CMN_DF_000191_20150801_G00A0EE1V.xml	2078	2312
CMN_DF_000191_20151113_G00A0EETG.xml	1639	1737
CMN_DF_000191_20151113_G00A0EETG.xml	1816	1880
CMN_DF_000191_20151113_G00A0EETG.xml	3031	3129
CMN_DF_000191_20160323_G00A0C2V9.xml	688	738
CMN_DF_000191_20160323_G00A0C2V9.xml	808	1003
CMN_DF_000191_20160323_G00A0C2V9.xml	1271	1466
CMN_DF_000191_20151130_G00A0EEYD.xml	1346	1404
CMN_DF_000191_20151130_G00A0EEYD.xml	1582	1645
CMN_DF_000191_20151130_G00A0EEYD.xml	1754	1825
CMN_DF_000191_20151130_G00A0EEYD.xml	2177	2385
CMN_DF_000311_20140729_G00A0EO5F.xml	1099	1184
CMN_DF_000311_20140729_G00A0EO5F.xml	1464	1566
CMN_DF_000311_20140729_G00A0EO5F.xml	2519	2604
CMN_DF_000311_20140729_G00A0EO5F.xml	2989	3078
CMN_DF_000311_20140729_G00A0EO5F.xml	3169	3283
CMN_DF_000311_20140729_G00A0EO5F.xml	3402	3484
CMN_DF_000311_20140729_G00A0EO5F.xml	3657	3774
CMN_DF_000311_20140729_G00A0EO5F.xml	4061	4149
CMN_DF_000311_20140729_G00A0EO5F.xml	4431	4536
CMN_DF_000311_20140729_G00A0EO5F.xml	4878	4962
CMN_DF_000311_20121022_G00A0ELNZ.xml	1675	1761
CMN_DF_000311_20121022_G00A0ELNZ.xml	2658	2759
CMN_DF_000311_20121022_G00A0ELNZ.xml	2849	2950
CMN_DF_000311_20121022_G00A0ELNZ.xml	3236	3355
CMN_DF_000020_20140303_G00A0E8YL.xml	3272	3527
CMN_DF_000191_20151219_G00A0EF7D.xml	556	760
CMN_DF_000191_20151219_G00A0EF7D.xml	1030	1108
CMN_DF_000191_20151219_G00A0EF7D.xml	1266	1344
CMN_DF_000191_20151219_G00A0EF7D.xml	1550	1659
CMN_DF_000191_20151219_G00A0EF7D.xml	1748	1826
CMN_DF_000191_20151219_G00A0EF7D.xml	2086	2195
CMN_DF_000191_20151219_G00A0EF7D.xml	2347	2551
CMN_DF_000311_20160416_G00A0ERU0.xml	877	1008
CMN_DF_000311_20160416_G00A0ERU0.xml	1773	1895
CMN_DF_000191_20150516_G00A0EDM1.xml	1496	1674
CMN_DF_000191_20150516_G00A0EDM1.xml	1820	1885
CMN_DF_000191_20151022_G00A0EEM1.xml	1653	1709
CMN_DF_000191_20151022_G00A0EEM1.xml	1816	1879
CMN_DF_000191_20150209_G00A0ED3Y.xml	1295	1387
CMN_DF_000191_20150209_G00A0ED3Y.xml	1480	1533
CMN_DF_000191_20150209_G00A0ED3Y.xml	1617	1688
CMN_DF_000191_20150209_G00A0ED3Y.xml	1773	1820
CMN_DF_000191_20150209_G00A0ED3Y.xml	1914	2006
CMN_DF_000191_20150209_G00A0ED3Y.xml	2201	2342
CMN_DF_000191_20141203_G00A0CU8T.xml	397	476
CMN_DF_000191_20141203_G00A0CU8T.xml	657	709
CMN_DF_000191_20141203_G00A0CU8T.xml	1082	1161
CMN_DF_000191_20141203_G00A0CU8T.xml	1500	1563
CMN_DF_000311_20150716_G00A0DN6H.xml	1528	1655
CMN_DF_000311_20150716_G00A0DN6H.xml	1741	1868
CMN_DF_000191_20160209_G00A0CGR5.xml	463	620
CMN_DF_000191_20160209_G00A0CGR5.xml	1186	1281
CMN_DF_000191_20160209_G00A0CGR5.xml	1684	1736
CMN_DF_000191_20160209_G00A0CGR5.xml	1888	1927
ENG_DF_000259_20080711_G00A0F9B3.xml	1188	1323
ENG_DF_000259_20080711_G00A0F9B3.xml	1626	1914
ENG_DF_000259_20080711_G00A0F9B3.xml	2292	2511
ENG_DF_000259_20080711_G00A0F9B3.xml	2542	3061
ENG_DF_000259_20080711_G00A0F9B3.xml	3215	3334
ENG_DF_000259_20080711_G00A0F9B3.xml	3658	3864
ENG_DF_000259_20131205_G00A0F9BE.xml	774	846
ENG_DF_000259_20131205_G00A0F9BE.xml	1777	1917
ENG_DF_000259_20131205_G00A0F9BE.xml	2359	2559
ENG_DF_000259_20131205_G00A0F9BE.xml	4118	4297
ENG_DF_000259_20131205_G00A0F9BE.xml	5475	5675
ENG_DF_000354_20130118_G00A04O66.xml	1304	1447
ENG_DF_000354_20130118_G00A04O66.xml	1618	1761
ENG_DF_000354_20130118_G00A04O66.xml	1903	2011
ENG_DF_000354_20130122_G00A04O61.xml	5035	5165
ENG_DF_000354_20130601_G00A0F9CE.xml	2569	3046
ENG_DF_000354_20130601_G00A0F9CE.xml	3495	3914
ENG_DF_000354_20130601_G00A0F9CE.xml	4266	4532
ENG_DF_000354_20130316_G00A0F9CB.xml	1091	1213
ENG_DF_000354_20130319_G00A04O63.xml	1183	1297
ENG_DF_000354_20130319_G00A04O63.xml	4029	4357
ENG_DF_000354_20130325_G00A0F9CC.xml	849	864
ENG_DF_000354_20130325_G00A0F9CC.xml	1544	1642
ENG_DF_000354_20130325_G00A0F9CC.xml	2046	2298
ENG_DF_000354_20130325_G00A0F9CC.xml	2524	2734
ENG_DF_000354_20130325_G00A0F9CD.xml	367	558
ENG_DF_000354_20130325_G00A0F9CD.xml	2720	2928
ENG_DF_000354_20130727_G00A04O68.xml	1418	1556
ENG_DF_000354_20130727_G00A04O68.xml	1831	2069
ENG_DF_000354_20130727_G00A04O68.xml	2305	2430
ENG_DF_000354_20130727_G00A04O68.xml	2467	2482
ENG_DF_000354_20130727_G00A04O68.xml	2589	2694
ENG_DF_000354_20130727_G00A04O68.xml	3439	3640
ENG_DF_000354_20130727_G00A04O68.xml	3944	4211
ENG_DF_000354_20130813_G00A0F9CF.xml	1957	2718
ENG_DF_000354_20130813_G00A0F9CF.xml	3872	4060
ENG_DF_000354_20131113_G00A0F9CM.xml	3518	4258
ENG_DF_000354_20131215_G00A0F9CV.xml	2878	3495
ENG_DF_001471_20121203_G00A0FM5G.xml	2215	2419
ENG_DF_001471_20130331_G00A0FMY3.xml	1329	1409
ENG_DF_001471_20130331_G00A0FMY3.xml	1728	2013
ENG_DF_001471_20130331_G00A0FMY3.xml	3397	4298
ENG_DF_001471_20130331_G00A0FMY3.xml	4703	5069
ENG_DF_001471_20130331_G00A0FMY3.xml	5498	5864
ENG_DF_001471_20130617_G00A0FNG6.xml	1100	1204
ENG_DF_001471_20130617_G00A0FNG6.xml	1727	1831
ENG_DF_001471_20130617_G00A0FNG6.xml	2112	2230
ENG_DF_001471_20130617_G00A0FNG6.xml	2701	2819
ENG_DF_001471_20130617_G00A0FNG6.xml	3050	3154
ENG_DF_001471_20130617_G00A0FNG6.xml	3272	3354
ENG_DF_001471_20130617_G00A0FNG6.xml	3605	3817
ENG_DF_001471_20130617_G00A0FNG6.xml	4078	4160
ENG_DF_001503_20130508_G00A0GETE.xml	347	507
ENG_DF_001503_20130508_G00A0GETE.xml	989	1167
ENG_DF_001503_20130508_G00A0GETE.xml	1467	1729
ENG_DF_001503_20130508_G00A0GETE.xml	2072	2309
ENG_DF_001503_20130508_G00A0GETE.xml	3586	4828
ENG_DF_001503_20131206_G00A0A6WE.xml	1022	1390
ENG_DF_001503_20131206_G00A0A6WE.xml	1779	2036
ENG_DF_001503_20131206_G00A0A6WE.xml	2186	2305
ENG_DF_001503_20131206_G00A0A6WE.xml	2702	3063
ENG_DF_001503_20131206_G00A0A6WE.xml	4020	4035
ENG_DF_001503_20131206_G00A0A6WE.xml	4308	4323
ENG_DF_001503_20131206_G00A0A6WE.xml	4326	4341
ENG_DF_001503_20131206_G00A0A6WE.xml	4368	4383
ENG_DF_001503_20131206_G00A0A6WE.xml	4585	4946
ENG_DF_001503_20130120_G00A0A8TQ.xml	1494	1919
ENG_DF_001503_20130120_G00A0A8TQ.xml	3496	3783
ENG_DF_001503_20131205_G00A0GH6U.xml	1522	1780
ENG_DF_001503_20130317_G00A0GEFQ.xml	755	848
ENG_DF_001503_20130317_G00A0GEFQ.xml	1057	1150
ENG_DF_001503_20130317_G00A0GEFQ.xml	2061	2187
ENG_DF_001503_20130317_G00A0GEFQ.xml	3886	3990
ENG_DF_001503_20130626_G00A0GF96.xml	1425	1836
ENG_DF_001503_20130626_G00A0GF96.xml	2025	2185
ENG_DF_001503_20130626_G00A0GF96.xml	2578	2935
ENG_DF_001503_20130626_G00A0GF96.xml	3141	3311
ENG_DF_001503_20130626_G00A0GF96.xml	3840	3956
ENG_DF_001503_20130626_G00A0GF96.xml	4585	4637
ENG_DF_001503_20130626_G00A0GF96.xml	4799	5294
ENG_DF_001503_20130426_G00A0GEQA.xml	572	956
ENG_DF_001503_20130426_G00A0GEQA.xml	2869	3144
ENG_DF_001503_20130426_G00A0GEQA.xml	3253	3330
ENG_DF_001503_20130426_G00A0GEQA.xml	3553	3828
ENG_DF_001503_20130426_G00A0GEQA.xml	4335	4806
ENG_DF_001503_20130528_G00A0AEZC.xml	2127	2324
ENG_DF_001503_20130528_G00A0AEZC.xml	3229	3462
ENG_DF_001503_20130528_G00A0AEZC.xml	3635	3771
ENG_DF_001503_20130528_G00A0AEZC.xml	4219	5021
ENG_DF_001503_20130528_G00A0AEZC.xml	5211	5444
ENG_DF_001503_20130528_G00A0AEZC.xml	5695	5907
ENG_DF_001503_20130528_G00A0AEZC.xml	6847	7177
ENG_DF_001503_20131206_G00A0GH70.xml	825	1443
ENG_DF_001503_20131206_G00A0GH70.xml	1717	1901
ENG_DF_001503_20131206_G00A0GH70.xml	2265	2503
ENG_DF_001503_20131206_G00A0GH70.xml	2651	2982
ENG_DF_001503_20131206_G00A0GH70.xml	3233	3336
ENG_DF_001503_20131206_G00A0GH70.xml	3499	4143
ENG_DF_001503_20130709_G00A0GFDY.xml	2035	2271
ENG_DF_001503_20130709_G00A0GFDY.xml	2572	2909
ENG_DF_001503_20140221_G00A0GIGL.xml	428	680
ENG_DF_001503_20140221_G00A0GIGL.xml	802	1054
ENG_DF_001503_20140221_G00A0GIGL.xml	1776	2028
ENG_DF_001503_20140221_G00A0GIGL.xml	3202	3648
ENG_DF_001503_20140221_G00A0GIGL.xml	4875	5127
ENG_DF_001503_20140221_G00A0GIGL.xml	5842	5936
ENG_DF_001503_20130426_G00A0GEQ6.xml	582	597
ENG_DF_001503_20130426_G00A0GEQ6.xml	668	1107
ENG_DF_001503_20130426_G00A0GEQ6.xml	1953	2058
ENG_DF_001503_20130426_G00A0GEQ6.xml	3136	3298
ENG_DF_001503_20130426_G00A0GEQ6.xml	5062	5180
ENG_DF_001503_20130426_G00A0GEQ6.xml	5511	5659
ENG_DF_001503_20130426_G00A0GEQ6.xml	5852	6010
ENG_DF_001471_20131206_G00A0FP48.xml	1102	1258
ENG_DF_001471_20131206_G00A0FP48.xml	3528	3663
ENG_DF_001471_20131206_G00A0FP48.xml	4742	4864
ENG_DF_001471_20131206_G00A0FP48.xml	5620	5981
ENG_DF_001471_20131206_G00A0FP48.xml	6430	6752
ENG_DF_001471_20131206_G00A0FP48.xml	7590	7889
ENG_DF_001471_20131205_G00A0FP3P.xml	916	1636
ENG_DF_001471_20131205_G00A0FP3P.xml	2417	2696
ENG_DF_001471_20131205_G00A0FP3P.xml	2699	2990
ENG_DF_001471_20131205_G00A0FP3P.xml	2993	3100
ENG_DF_001471_20131205_G00A0FP3P.xml	3436	3599
ENG_DF_001471_20131205_G00A0FP3P.xml	5067	5207
ENG_DF_001471_20131112_G00A0FOVI.xml	2950	3292
ENG_DF_001471_20131112_G00A0FOVI.xml	3598	3816
ENG_DF_001471_20131112_G00A0FOVI.xml	6621	6963
ENG_DF_001471_20131108_G00A0FOUI.xml	810	1155
ENG_DF_001471_20131108_G00A0FOUI.xml	3401	3478
ENG_DF_001471_20131108_G00A0FOUI.xml	5922	6135
ENG_DF_001471_20130905_G00A0FO20.xml	1171	1344
ENG_DF_001471_20130905_G00A0FO20.xml	1818	2253
ENG_DF_001471_20130905_G00A0FO20.xml	2872	2950
ENG_DF_001471_20130905_G00A0FO20.xml	3131	3151
ENG_DF_001471_20130905_G00A0FO20.xml	3242	3330
ENG_DF_001471_20130905_G00A0FO20.xml	3364	3383
ENG_DF_001471_20130905_G00A0FO20.xml	3396	3450
ENG_DF_001471_20130905_G00A0FO20.xml	3505	3727
ENG_DF_001471_20130905_G00A0FO20.xml	4437	4610
ENG_DF_001471_20130905_G00A0FO20.xml	4793	5103
ENG_DF_001471_20130905_G00A0FO20.xml	5603	5819
ENG_DF_001471_20131206_G00A0FP49.xml	585	862
ENG_DF_001471_20131206_G00A0FP49.xml	1170	1447
ENG_DF_001471_20131206_G00A0FP49.xml	1873	2157
ENG_DF_001471_20131206_G00A0FP49.xml	2306	2583
ENG_DF_001471_20131206_G00A0FP49.xml	2689	2966
ENG_DF_001471_20131206_G00A0FP49.xml	3086	3129
ENG_DF_001471_20131206_G00A0FP49.xml	3132	3967
ENG_DF_001471_20131206_G00A0FP49.xml	4076	4360
ENG_DF_001471_20131206_G00A0FP49.xml	4907	4978
ENG_DF_001471_20131206_G00A0FP49.xml	5089	5366
ENG_DF_001471_20131206_G00A0FP49.xml	5369	5444
ENG_DF_001471_20140710_G00A0FRA9.xml	1356	1525
ENG_DF_001471_20140710_G00A0FRA9.xml	1715	1868
ENG_DF_001471_20140710_G00A0FRA9.xml	3552	4062
ENG_DF_001471_20140710_G00A0FRA9.xml	4135	4418
ENG_DF_001471_20140710_G00A0FRA9.xml	4994	5095
ENG_DF_001471_20140523_G00A0FQRY.xml	1472	1684
ENG_DF_001471_20140523_G00A0FQRY.xml	2121	2499
ENG_DF_001471_20140523_G00A0FQRY.xml	3899	4076
ENG_DF_001471_20140523_G00A0FQRY.xml	4211	4313
ENG_DF_001471_20130627_G00A0FNJ6.xml	968	1351
ENG_DF_001471_20130627_G00A0FNJ6.xml	3834	4061
ENG_DF_001471_20130627_G00A0FNJ6.xml	5407	5857
ENG_DF_001471_20130627_G00A0FNJ6.xml	5870	5992
ENG_DF_001471_20130627_G00A0FNJ6.xml	6441	6522
ENG_DF_001471_20130701_G00A01S03.xml	648	724
ENG_DF_001471_20130701_G00A01S03.xml	863	970
ENG_DF_001471_20130701_G00A01S03.xml	1627	1978
ENG_DF_001471_20130701_G00A01S03.xml	2126	2241
ENG_DF_001471_20130701_G00A01S03.xml	2906	3249
ENG_DF_001471_20130701_G00A01S03.xml	3573	3639
ENG_DF_001471_20060627_G00A0FF60.xml	2071	2396
ENG_DF_001471_20060627_G00A0FF60.xml	2466	2662
ENG_DF_001471_20060627_G00A0FF60.xml	2748	2824
ENG_DF_001471_20060627_G00A0FF60.xml	3360	3723
ENG_DF_001471_20060627_G00A0FF60.xml	4800	5048
ENG_DF_001471_20060627_G00A0FF60.xml	5330	5380
ENG_DF_001471_20060327_G00A0FEYQ.xml	2600	3001
ENG_DF_001471_20060327_G00A0FEYQ.xml	4333	4898
ENG_DF_001471_20060327_G00A0FEYQ.xml	5534	5716
ENG_DF_000354_20151117_G00A04NDG.xml	672	1168
ENG_DF_000354_20151117_G00A04NDG.xml	1759	2003
ENG_DF_000354_20141016_G00A04NCL.xml	852	1108
ENG_DF_000354_20141016_G00A04NCL.xml	1405	1512
ENG_DF_000354_20141026_G00A04ND4.xml	2708	2949
ENG_DF_000354_20141026_G00A04ND4.xml	3389	3917
ENG_DF_000354_20141026_G00A04ND4.xml	4280	4603
ENG_DF_001471_20140717_G00A0FRCS.xml	573	833
ENG_DF_001471_20140717_G00A0FRCS.xml	1558	2648
ENG_DF_001471_20140717_G00A0FRCS.xml	2814	2944
ENG_DF_001471_20140717_G00A0FRCS.xml	3304	4394
ENG_DF_000354_20150304_G00A0F9JS.xml	4482	4803
ENG_DF_001471_20040507_G00A0FBIF.xml	659	1083
ENG_DF_001471_20040507_G00A0FBIF.xml	3028	3248
ENG_DF_001471_20040507_G00A0FBIF.xml	4360	4781
ENG_DF_000354_20131205_G00A0F9CS.xml	908	1447
ENG_DF_000354_20131205_G00A0F9CS.xml	1569	1649
ENG_DF_000354_20131205_G00A0F9CS.xml	1994	2074
ENG_DF_000354_20131205_G00A0F9CS.xml	2265	2335
ENG_DF_000354_20131205_G00A0F9CS.xml	3369	3439
ENG_DF_000354_20131205_G00A0F9CS.xml	4393	4749
ENG_DF_000354_20131205_G00A0F9CS.xml	4849	5088
ENG_DF_000354_20131205_G00A0F9CS.xml	5409	5517
ENG_DF_000354_20131205_G00A0F9CS.xml	5798	5906
ENG_DF_000354_20131205_G00A0F9CS.xml	6138	6246
ENG_DF_001471_20020701_G00A0F9WF.xml	859	1042
ENG_DF_001471_20020701_G00A0F9WF.xml	1139	1172
ENG_DF_001471_20020701_G00A0F9WF.xml	2628	2713
ENG_DF_001471_20140404_G00A0FQBQ.xml	2361	2455
ENG_DF_001471_20140404_G00A0FQBQ.xml	3304	3398
ENG_DF_001471_20140404_G00A0FQBQ.xml	3920	4030
ENG_DF_001471_20140404_G00A0FQBQ.xml	4822	4932
ENG_DF_001471_20140305_G00A0FPYQ.xml	2340	2409
ENG_DF_001471_20140305_G00A0FPYQ.xml	2656	2725
ENG_DF_001471_20140305_G00A0FPYQ.xml	3580	3649
ENG_DF_001471_20140305_G00A0FPYQ.xml	3763	4343
ENG_DF_001471_20140305_G00A0FPYQ.xml	4500	5080
ENG_DF_001471_20140225_G00A0FPV9.xml	1054	1308
ENG_DF_001471_20140225_G00A0FPV9.xml	2860	3012
ENG_DF_001471_20140225_G00A0FPV9.xml	3456	3608
ENG_DF_001471_20140225_G00A0FPV9.xml	3770	3922
ENG_DF_001471_20140225_G00A0FPV9.xml	4251	4537
ENG_DF_001471_20140225_G00A0FPV9.xml	5861	5939
ENG_DF_001471_20061220_G00A0FFT2.xml	3003	3231
ENG_DF_001471_20061220_G00A0FFT2.xml	3378	3490
ENG_DF_001471_20061220_G00A0FFT2.xml	3616	3707
ENG_DF_001471_20061220_G00A0FFT2.xml	4620	4749
ENG_DF_001471_20041101_G00A0FBYL.xml	2196	2347
ENG_DF_001471_20041101_G00A0FBYL.xml	2483	2583
ENG_DF_001471_20041101_G00A0FBYL.xml	2674	2803
ENG_DF_001471_20041101_G00A0FBYL.xml	4208	4262
ENG_DF_001471_20041101_G00A0FBYL.xml	4485	4677
ENG_DF_001471_20081110_G00A0FHMM.xml	401	633
ENG_DF_001471_20081110_G00A0FHMM.xml	799	1130
ENG_DF_001471_20081110_G00A0FHMM.xml	1505	1792
ENG_DF_001471_20081110_G00A0FHMM.xml	1924	2038
ENG_DF_001471_20081110_G00A0FHMM.xml	2468	2565
ENG_DF_001471_20081110_G00A0FHMM.xml	3604	3752
ENG_DF_001471_20081110_G00A0FHMM.xml	4096	4244
ENG_DF_001471_20081110_G00A0FHMM.xml	4353	4419
ENG_DF_001471_20081110_G00A0FHMM.xml	4568	4634
ENG_DF_001471_20081110_G00A0FHMM.xml	4844	4910
ENG_DF_001471_20081110_G00A0FHMM.xml	5397	5661
ENG_DF_001471_20040913_G00A0FBUJ.xml	1940	2190
ENG_DF_001471_20040913_G00A0FBUJ.xml	3512	3701
ENG_DF_001471_20040913_G00A0FBUJ.xml	3876	4021
ENG_DF_001471_20040913_G00A0FBUJ.xml	4157	4572
ENG_DF_001471_20040913_G00A0FBUJ.xml	4575	4726
ENG_DF_001471_20040913_G00A0FBUJ.xml	5045	5196
ENG_DF_001471_20040913_G00A0FBUJ.xml	5668	5819
ENG_DF_001471_20121227_G00A01ASC.xml	1404	1633
ENG_DF_001471_20060326_G00A0FEYO.xml	3824	3959
ENG_DF_001471_20060326_G00A0FEYO.xml	4065	4638
ENG_DF_001471_20030812_G00A0FAKM.xml	3138	3440
ENG_DF_001471_20030812_G00A0FAKM.xml	4335	4419
ENG_DF_001471_20030812_G00A0FAKM.xml	4672	4905
ENG_DF_001471_20030812_G00A0FAKM.xml	5079	5312
ENG_DF_001471_20030812_G00A0FAKM.xml	5916	6116
ENG_DF_001471_20030812_G00A0FAKM.xml	6627	6971
ENG_DF_001471_20140113_G00A0FPFV.xml	849	1283
ENG_DF_001471_20121121_G00A01ASO.xml	171	260
ENG_DF_001471_20121121_G00A01ASO.xml	2121	2233
ENG_DF_001471_20121121_G00A01ASO.xml	2646	2693
ENG_DF_001471_20121121_G00A01ASO.xml	3091	3161
ENG_DF_001471_20121121_G00A01ASO.xml	4314	4497
ENG_DF_001471_20121121_G00A01ASO.xml	4770	4953
ENG_DF_001471_20121121_G00A01ASO.xml	5539	5697
ENG_DF_001471_20120912_G00A0FLNT.xml	1374	1524
ENG_DF_001471_20120912_G00A0FLNT.xml	1751	1948
ENG_DF_001471_20120912_G00A0FLNT.xml	2268	2544
ENG_DF_001471_20120912_G00A0FLNT.xml	2839	3115
ENG_DF_001471_20120912_G00A0FLNT.xml	4075	4337
ENG_DF_001471_20120912_G00A0FLNT.xml	4340	4608
ENG_DF_001471_20100104_G00A01BDF.xml	401	624
ENG_DF_001471_20100104_G00A01BDF.xml	1063	1203
ENG_DF_001471_20100104_G00A01BDF.xml	1318	1395
ENG_DF_001471_20100104_G00A01BDF.xml	1884	1949
ENG_DF_001471_20100104_G00A01BDF.xml	2132	2197
ENG_DF_001471_20100104_G00A01BDF.xml	2343	2483
ENG_DF_001471_20100104_G00A01BDF.xml	2857	2967
ENG_DF_001471_20100104_G00A01BDF.xml	3236	3467
ENG_DF_001471_20100104_G00A01BDF.xml	3621	3737
ENG_DF_001471_20100104_G00A01BDF.xml	3837	3904
ENG_DF_001471_20100104_G00A01BDF.xml	4038	4129
ENG_DF_001471_20100104_G00A01BDF.xml	4399	4632
ENG_DF_001471_20100104_G00A01BDF.xml	5132	5593
ENG_DF_001471_20100104_G00A01BDF.xml	5719	5938
ENG_DF_001503_20121106_G00A0GDRL.xml	1384	1646
ENG_DF_001503_20121106_G00A0GDRL.xml	2381	2643
ENG_DF_001503_20121106_G00A0GDRL.xml	2936	3081
ENG_DF_001503_20121106_G00A0GDRL.xml	3267	3454
ENG_DF_001503_20121106_G00A0GDRL.xml	3996	4183
ENG_DF_001503_20121106_G00A0GDRL.xml	4724	4841
ENG_DF_001503_20121106_G00A0GDRL.xml	5150	5267
ENG_DF_001503_20121106_G00A0GDRL.xml	5454	5571
ENG_DF_001503_20121106_G00A0GDRL.xml	5774	5938
ENG_DF_001503_20121106_G00A0GDRL.xml	6158	6343
ENG_DF_001503_20121106_G00A0GDRL.xml	6902	7011
ENG_DF_001471_20150910_G00A0FZS3.xml	899	1133
ENG_DF_001471_20150910_G00A0FZS3.xml	1576	1978
ENG_DF_001471_20150910_G00A0FZS3.xml	2095	2174
ENG_DF_001471_20150910_G00A0FZS3.xml	2536	2862
ENG_DF_001471_20150910_G00A0FZS3.xml	2950	3000
ENG_DF_001471_20150910_G00A0FZS3.xml	3280	3524
ENG_DF_001471_20150910_G00A0FZS3.xml	3899	4092
ENG_DF_001471_20150910_G00A0FZS3.xml	4572	4806
ENG_DF_001471_20150910_G00A0FZS3.xml	4963	5081
ENG_DF_001471_20150910_G00A0FZS3.xml	5217	5314
ENG_DF_001471_20151128_G00A0G2L6.xml	867	2204
ENG_DF_001471_20151128_G00A0G2L6.xml	2962	3022
ENG_DF_001471_20151128_G00A0G2L6.xml	3261	3350
ENG_DF_001471_20151128_G00A0G2L6.xml	3359	3493
ENG_DF_001471_20160407_G00A0G7MP.xml	1007	1353
ENG_DF_001471_20160407_G00A0G7MP.xml	1616	1848
ENG_DF_001471_20160407_G00A0G7MP.xml	2145	2399
ENG_DF_001471_20160407_G00A0G7MP.xml	2606	2860
ENG_DF_001471_20160407_G00A0G7MP.xml	3863	4095
ENG_DF_001503_20081112_G00A09W8Q.xml	370	546
ENG_DF_001503_20081112_G00A09W8Q.xml	1265	1671
ENG_DF_001503_20081112_G00A09W8Q.xml	2231	2419
ENG_DF_001503_20081009_G00A0GAI3.xml	1146	2084
ENG_DF_001503_20081009_G00A0GAI3.xml	2269	2419
ENG_DF_001471_20140328_G00A0FQ8M.xml	1498	1789
ENG_DF_001471_20140325_G00A03IKM.xml	2560	2836
ENG_DF_001471_20140325_G00A03IKM.xml	4516	4600
ENG_DF_001471_20140325_G00A03IKM.xml	4720	4800
ENG_DF_001471_20140325_G00A03IKM.xml	5136	5189
ENG_DF_001471_20140325_G00A03IKM.xml	5732	5816
ENG_DF_001471_20140203_G00A0FPMT.xml	3583	3849
ENG_DF_001471_20140203_G00A0FPMT.xml	4104	4326
ENG_DF_001471_20140203_G00A0FPMT.xml	4511	4733
ENG_DF_001471_20140203_G00A0FPMT.xml	4951	5096
ENG_DF_001471_20140203_G00A0FPMT.xml	5304	5471
ENG_DF_001471_20140203_G00A0FPMT.xml	5806	5938
ENG_DF_001471_20140617_G00A0FR2G.xml	1269	1546
ENG_DF_001471_20140617_G00A0FR2G.xml	3238	3744
ENG_DF_001471_20140617_G00A0FR2G.xml	4248	4754
ENG_DF_001471_20140617_G00A0FR2G.xml	5159	5425
SPA_DF_001255_20130922_G00A00FW0.xml	793	915
SPA_DF_001255_20130922_G00A00FW0.xml	1060	1119
SPA_DF_001255_20130922_G00A00FW0.xml	1454	1918
SPA_DF_001255_20130922_G00A00FW0.xml	2234	2544
SPA_DF_001502_20121113_G00A0I39X.xml	3436	3704
SPA_DF_001253_20131214_G00A0GZ75.xml	1046	1460
SPA_DF_001253_20131214_G00A0GZ75.xml	1681	1860
SPA_DF_001253_20131214_G00A0GZ75.xml	2254	2603
SPA_DF_001253_20131214_G00A0GZ75.xml	2957	3163
SPA_DF_001253_20131214_G00A0GZ75.xml	4029	4182
SPA_DF_001253_20131214_G00A0GZ75.xml	4590	4960
SPA_DF_001253_20131214_G00A0GZ75.xml	5637	5904
SPA_DF_001253_20131215_G00A0GZ7K.xml	3164	3437
SPA_DF_001253_20131215_G00A0GZ7K.xml	4755	4824
SPA_DF_001253_20131215_G00A0GZ7K.xml	4965	5073
SPA_DF_001253_20131215_G00A0GZ7K.xml	6674	6749
SPA_DF_001255_20131203_G00A00FWN.xml	607	781
SPA_DF_001255_20131203_G00A00FWN.xml	961	1219
SPA_DF_001255_20131203_G00A00FWN.xml	1507	1794
SPA_DF_001255_20131203_G00A00FWN.xml	2041	2122
SPA_DF_001255_20140127_G00A00FVK.xml	657	836
SPA_DF_001255_20140127_G00A00FVK.xml	1058	1129
SPA_DF_001255_20140127_G00A00FVK.xml	1441	1635
SPA_DF_001255_20110328_G00A00FVL.xml	415	531
SPA_DF_001255_20110328_G00A00FVL.xml	767	915
SPA_DF_001255_20110328_G00A00FVL.xml	1147	1348
SPA_DF_001255_20110328_G00A00FVL.xml	1442	1525
SPA_DF_001255_20110328_G00A00FVL.xml	1642	1750
SPA_DF_001255_20110328_G00A00FVL.xml	2307	2493
SPA_DF_001255_20110328_G00A00FVL.xml	3202	3289
SPA_DF_001255_20140119_G00A00FVM.xml	1046	1111
SPA_DF_001255_20140119_G00A00FVM.xml	3363	3612
SPA_DF_001255_20140119_G00A00FVM.xml	4030	4162
SPA_DF_001255_20140119_G00A00FVM.xml	4849	4898
SPA_DF_001255_20140119_G00A00FVM.xml	5158	5332
SPA_DF_001255_20140515_G00A00FVN.xml	696	774
SPA_DF_001255_20140515_G00A00FVN.xml	867	983
SPA_DF_001255_20140515_G00A00FVN.xml	1132	1434
SPA_DF_001255_20140515_G00A00FVN.xml	1676	1782
SPA_DF_001255_20140515_G00A00FVN.xml	1969	2149
SPA_DF_001255_20140515_G00A00FVN.xml	2220	2739
SPA_DF_001255_20140515_G00A00FVN.xml	3338	3597
SPA_DF_001255_20151111_G00A0HX0C.xml	1530	1597
SPA_DF_001255_20151111_G00A0HX0C.xml	2061	2469
SPA_DF_001255_20151111_G00A0HX0C.xml	3260	3348
SPA_DF_001255_20151111_G00A0HX0C.xml	3472	3703
SPA_DF_001255_20151111_G00A0HX0C.xml	3899	4044
SPA_DF_001253_20130321_G00A0GUZ3.xml	4460	4543
SPA_DF_001253_20130321_G00A0GUZ3.xml	4689	4931
SPA_DF_001253_20130321_G00A0GUZ3.xml	6670	6777
SPA_DF_001253_20130321_G00A0GUZ3.xml	7106	7182
SPA_DF_001253_20130321_G00A0GUZ3.xml	7621	7729
SPA_DF_001253_20130321_G00A0GUZ3.xml	7831	7895
SPA_DF_001253_20130321_G00A0GUZ3.xml	8846	8928
SPA_DF_001253_20130323_G00A0GUZT.xml	920	1089
SPA_DF_001253_20130323_G00A0GUZT.xml	1896	2065
SPA_DF_001253_20130323_G00A0GUZT.xml	2447	2624
SPA_DF_001253_20130323_G00A0GUZT.xml	2918	3237
SPA_DF_001253_20130323_G00A0GUZT.xml	3452	3863
SPA_DF_001253_20130323_G00A0GUZT.xml	4180	4591
SPA_DF_001253_20130323_G00A0GUZT.xml	4668	4848
SPA_DF_001253_20130325_G00A0GV0X.xml	420	637
SPA_DF_001253_20130325_G00A0GV0X.xml	934	1093
SPA_DF_001253_20130325_G00A0GV0X.xml	2110	2706
SPA_DF_001253_20130325_G00A0GV0X.xml	3059	3398
SPA_DF_001253_20130325_G00A0GV0X.xml	3601	3760
SPA_DF_001253_20130325_G00A0GV0X.xml	5386	5496
SPA_DF_001253_20130325_G00A0GV0X.xml	5721	5908
SPA_DF_001253_20130326_G00A0GV1L.xml	3044	3203
SPA_DF_001253_20130326_G00A0GV1L.xml	3431	3624
SPA_DF_001253_20131207_G00A0GZ2R.xml	1720	1904
SPA_DF_001253_20131207_G00A0GZ2R.xml	2063	2159
SPA_DF_001253_20131207_G00A0GZ2R.xml	2680	2744
SPA_DF_001253_20131207_G00A0GZ2R.xml	2956	3219
SPA_DF_001253_20131207_G00A0GZ2R.xml	3598	3811
SPA_DF_001255_20100615_G00A00FVR.xml	1287	1741
SPA_DF_001255_20100615_G00A00FVR.xml	1840	2213
SPA_DF_001255_20100615_G00A00FVR.xml	2462	2514
SPA_DF_001255_20160114_G00A00FVX.xml	688	825
SPA_DF_001255_20160114_G00A00FVX.xml	1117	1383
SPA_DF_001255_20160201_G00A00FVV.xml	870	1061
SPA_DF_001255_20160201_G00A00FVV.xml	1545	1660
SPA_DF_001502_20130704_G00A0I3GA.xml	970	1710
SPA_DF_001502_20130704_G00A0I3GA.xml	2079	2409
SPA_DF_001502_20130704_G00A0I3GA.xml	3029	3359
SPA_DF_001502_20130704_G00A0I3GA.xml	3617	3850
SPA_DF_001255_20140113_G00A0HWOZ.xml	1570	1722
SPA_DF_001255_20140113_G00A0HWOZ.xml	2011	2216
SPA_DF_001255_20140113_G00A0HWOZ.xml	2531	2597
SPA_DF_001255_20140113_G00A0HWOZ.xml	2740	3146
SPA_DF_001255_20140113_G00A0HWOZ.xml	3657	3997
SPA_DF_001255_20140113_G00A0HWOZ.xml	4434	4561
SPA_DF_001255_20140113_G00A0HWOZ.xml	4798	4890
SPA_DF_001255_20140113_G00A0HWOZ.xml	5032	5265
SPA_DF_001255_20140113_G00A0HWOZ.xml	5511	5652
SPA_DF_001255_20140113_G00A0HWOZ.xml	5822	5917
SPA_DF_001253_20130623_G00A0GWDU.xml	2791	3391
SPA_DF_001253_20130623_G00A0GWDU.xml	4155	4688
SPA_DF_001255_20130614_G00A00FW1.xml	459	805
SPA_DF_001255_20130614_G00A00FW1.xml	1083	1472
SPA_DF_001255_20130614_G00A00FW1.xml	1670	1839
SPA_DF_001255_20130614_G00A00FW1.xml	2052	2693
SPA_DF_001255_20130614_G00A00FW1.xml	2788	2944
SPA_DF_001255_20130615_G00A0HWN5.xml	914	1045
SPA_DF_001255_20130615_G00A0HWN5.xml	1314	1472
SPA_DF_001255_20130615_G00A0HWN5.xml	1636	1728
SPA_DF_001255_20130615_G00A0HWN5.xml	1931	3117
SPA_DF_001255_20130615_G00A0HWN5.xml	3442	3676
SPA_DF_001255_20130615_G00A0HWN5.xml	4108	4218
SPA_DF_001255_20130615_G00A0HWN5.xml	4337	4644
SPA_DF_000389_20151207_G00A0GP7I.xml	834	1117
SPA_DF_000389_20151207_G00A0GP7I.xml	1275	1558
SPA_DF_000389_20151207_G00A0GP7I.xml	1797	2080
SPA_DF_000389_20151207_G00A0GP7I.xml	2754	3037
SPA_DF_000389_20151207_G00A0GP7I.xml	3162	3445
SPA_DF_000389_20151207_G00A0GP7I.xml	5279	5562
SPA_DF_000389_20151207_G00A0GP7I.xml	5700	5983
SPA_DF_000389_20151207_G00A0GP7I.xml	6499	6695
SPA_DF_000389_20151207_G00A0GP7I.xml	6887	7041
SPA_DF_000389_20151207_G00A0GP7I.xml	7482	7678
SPA_DF_000389_20151207_G00A0GP7I.xml	8197	8480
SPA_DF_001255_20130408_G00A0HWMM.xml	2094	2181
SPA_DF_001255_20130408_G00A0HWMM.xml	2382	2474
SPA_DF_001255_20130408_G00A0HWMM.xml	2777	3007
SPA_DF_001255_20130408_G00A0HWMM.xml	3238	3487
SPA_DF_001255_20130408_G00A0HWMM.xml	3841	3984
SPA_DF_001255_20130408_G00A0HWMM.xml	4209	4346
SPA_DF_001255_20130408_G00A0HWMM.xml	4751	4933
SPA_DF_001255_20130408_G00A0HWMM.xml	5776	5791
SPA_DF_001255_20130408_G00A0HWMM.xml	5863	6008
SPA_DF_001255_20130408_G00A0HWMM.xml	6897	7028
SPA_DF_001255_20130408_G00A0HWMM.xml	7524	7628
SPA_DF_001255_20130415_G00A0HWMP.xml	1685	1745
SPA_DF_001255_20130415_G00A0HWMP.xml	1921	1981
SPA_DF_001255_20130415_G00A0HWMP.xml	2428	2490
SPA_DF_001255_20130415_G00A0HWMP.xml	2594	2786
SPA_DF_001255_20130415_G00A0HWMP.xml	2912	3036
SPA_DF_001255_20130415_G00A0HWMP.xml	3375	3451
SPA_DF_001255_20130415_G00A0HWMP.xml	3606	3894
SPA_DF_001255_20130415_G00A0HWMP.xml	4247	4331
SPA_DF_001255_20130415_G00A0HWMP.xml	4617	4813
SPA_DF_001255_20130415_G00A0HWMP.xml	5006	5152
SPA_DF_001255_20130415_G00A0HWMP.xml	5353	5685
SPA_DF_001255_20130415_G00A0HWMP.xml	5930	6227
SPA_DF_001255_20130415_G00A0HWMP.xml	6380	6572
SPA_DF_001255_20140322_G00A00FWV.xml	811	1096
SPA_DF_001255_20140322_G00A00FWV.xml	1581	2106
SPA_DF_001255_20140322_G00A00FWV.xml	2590	2653
SPA_DF_001255_20140322_G00A00FWV.xml	2823	2925
SPA_DF_001255_20140322_G00A00FWV.xml	3019	3187
SPA_DF_001255_20140322_G00A00FWV.xml	3277	3451
SPA_DF_001255_20140322_G00A00FWV.xml	3621	3880
SPA_DF_001255_20140322_G00A00FWV.xml	4033	4404
SPA_DF_001255_20120214_G00A009D5.xml	2252	2479
SPA_DF_001255_20120214_G00A009D5.xml	2684	2876
SPA_DF_001255_20120214_G00A009D5.xml	2928	3096
SPA_DF_001255_20150622_G00A00FW7.xml	1096	1278
SPA_DF_001255_20150622_G00A00FW7.xml	1613	1732
SPA_DF_001255_20150622_G00A00FW7.xml	2013	2129
SPA_DF_001255_20150622_G00A00FW7.xml	2539	2679
SPA_DF_001255_20150622_G00A00FW7.xml	2879	3399
SPA_DF_001253_20130830_G00A0GXHN.xml	2391	2514
SPA_DF_001253_20131106_G00A0GYLQ.xml	1011	1727
SPA_DF_001255_20131214_G00A0HWOH.xml	5800	5954
SPA_DF_001255_20131214_G00A0HWOH.xml	6092	6259
SPA_DF_001255_20131214_G00A0HWOH.xml	6713	6849
SPA_DF_001255_20140524_G00A0HWQ9.xml	6306	7730
SPA_DF_001255_20140524_G00A0HWQ9.xml	9031	9143
SPA_DF_001255_20140524_G00A0HWQ9.xml	9303	9749
SPA_DF_001255_20140524_G00A0HWQ9.xml	11238	11746
SPA_DF_001255_20141109_G00A0HWS2.xml	14644	14744
SPA_DF_001255_20141109_G00A0HWS2.xml	16117	16317
SPA_DF_001255_20141109_G00A0HWS2.xml	17263	17693
SPA_DF_001255_20141109_G00A0HWS2.xml	18588	18797
SPA_DF_001253_20131110_G00A0GYNH.xml	1127	1314
SPA_DF_001253_20131110_G00A0GYNH.xml	2022	2525
SPA_DF_001253_20131110_G00A0GYNH.xml	3224	3475
SPA_DF_001253_20131110_G00A0GYNH.xml	3874	4087
SPA_DF_001253_20131110_G00A0GYNH.xml	4386	4653
SPA_DF_001253_20131110_G00A0GYNH.xml	4883	5096
SPA_DF_001253_20131110_G00A0GYNH.xml	5424	5713
SPA_DF_001253_20131110_G00A0GYNH.xml	5828	6261
SPA_DF_001253_20131110_G00A0GYNH.xml	6510	6799
SPA_DF_001253_20131112_G00A0GYOP.xml	952	1207
SPA_DF_001253_20131112_G00A0GYOP.xml	2005	2598
SPA_DF_001253_20131112_G00A0GYOP.xml	2702	2752
SPA_DF_001255_20150729_G00A00FWF.xml	1031	1105
SPA_DF_001255_20150729_G00A00FWF.xml	1328	1515
SPA_DF_001255_20150729_G00A00FWF.xml	1769	1973
SPA_DF_001255_20131202_G00A00FWG.xml	1112	1222
SPA_DF_001255_20131202_G00A00FWG.xml	1452	1673
SPA_DF_001253_20130801_G00A0GX0S.xml	622	1009
SPA_DF_001253_20130801_G00A0GX0S.xml	1112	1182
SPA_DF_001253_20130801_G00A0GX0S.xml	2045	2292
SPA_DF_001253_20130801_G00A0GX0S.xml	2928	3469
SPA_DF_001253_20130801_G00A0GX0S.xml	3707	4078
SPA_DF_001253_20130801_G00A0GX0S.xml	5298	5685
SPA_DF_001253_20130801_G00A0GX0S.xml	6585	6766
SPA_DF_001253_20130801_G00A0GX0S.xml	6960	7347
SPA_DF_001253_20130630_G00A07UQR.xml	4383	4550
SPA_DF_001253_20130630_G00A07UQR.xml	5317	5464
SPA_DF_001255_20110204_G00A00FWM.xml	1929	2049
SPA_DF_001255_20110204_G00A00FWM.xml	2905	3088
SPA_DF_001255_20110204_G00A00FWM.xml	3393	3442
SPA_DF_001255_20110204_G00A00FWM.xml	3937	4074
SPA_DF_001255_20110204_G00A00FWM.xml	4651	4818
SPA_DF_001255_20110204_G00A00FWM.xml	5889	6056
SPA_DF_001255_20110211_G00A00FWO.xml	605	716
SPA_DF_001255_20110211_G00A00FWO.xml	1261	1439
SPA_DF_001255_20110211_G00A00FWO.xml	1659	1796
SPA_DF_001255_20110211_G00A00FWO.xml	1950	2133
SPA_DF_001255_20110211_G00A00FWO.xml	2363	2436
SPA_DF_001255_20110211_G00A00FWO.xml	2597	2819
SPA_DF_001255_20110211_G00A00FWO.xml	3283	3804
SPA_DF_001255_20110211_G00A00FWO.xml	4207	4401
SPA_DF_001255_20110211_G00A00FWO.xml	5294	5430
SPA_DF_001255_20110211_G00A00FWO.xml	5678	5895
SPA_DF_001255_20110211_G00A00FWO.xml	6510	6703
SPA_DF_001255_20130703_G00A0HWNB.xml	1740	1816
SPA_DF_001255_20130703_G00A0HWNB.xml	2060	2147
SPA_DF_001255_20130703_G00A0HWNB.xml	2374	2549
SPA_DF_001255_20130703_G00A0HWNB.xml	2669	3272
SPA_DF_001255_20130703_G00A0HWNB.xml	3502	3842
SPA_DF_001255_20130703_G00A0HWNB.xml	4110	4198
SPA_DF_001253_20131206_G00A0GZ2O.xml	1405	1602
SPA_DF_001253_20131206_G00A0GZ2O.xml	2092	2333
SPA_DF_001253_20131206_G00A0GZ2O.xml	4224	4972
SPA_DF_001253_20151101_G00A08L8H.xml	912	1113
SPA_DF_001253_20151101_G00A08L8H.xml	1746	1835
SPA_DF_001253_20151101_G00A08L8H.xml	2100	2301
SPA_DF_001253_20151101_G00A08L8H.xml	2756	2863
SPA_DF_001253_20151101_G00A08L8H.xml	2977	3303
SPA_DF_001253_20151101_G00A08L8H.xml	3500	3667
SPA_DF_001253_20151101_G00A08L8H.xml	5360	5542
SPA_DF_001253_20151101_G00A08L8H.xml	5860	5960
SPA_DF_001253_20130725_G00A0GWX5.xml	808	903
SPA_DF_001253_20130725_G00A0GWX5.xml	2480	2653
SPA_DF_001253_20130725_G00A0GWX5.xml	2938	3076
SPA_DF_001253_20130725_G00A0GWX5.xml	4312	4495
SPA_DF_001253_20130725_G00A0GWX5.xml	4885	5061
SPA_DF_001253_20130725_G00A0GWX5.xml	5536	5712
SPA_DF_001253_20130725_G00A0GWX5.xml	6846	7062
SPA_DF_001253_20130830_G00A0GXHV.xml	2629	3220
SPA_DF_001253_20130830_G00A0GXHV.xml	3748	3834
SPA_DF_001253_20130830_G00A0GXHV.xml	3983	4107
SPA_DF_001253_20130830_G00A0GXHV.xml	4674	5265
SPA_DF_001253_20130830_G00A0GXHV.xml	5681	5767
SPA_DF_001253_20130711_G00A0915V.xml	1206	1968
SPA_DF_001253_20130711_G00A0915V.xml	2956	3080
SPA_DF_001253_20130711_G00A0915V.xml	3179	3298
SPA_DF_001253_20130711_G00A0915V.xml	3968	4126
SPA_DF_001253_20160316_G00A0HUB9.xml	621	823
SPA_DF_001253_20160316_G00A0HUB9.xml	1589	1815
SPA_DF_001253_20160316_G00A0HUB9.xml	3998	4118
SPA_DF_001253_20160316_G00A0HUB9.xml	5459	5612
SPA_DF_001253_20151206_G00A0HP1C.xml	958	1087
SPA_DF_001253_20151206_G00A0HP1C.xml	1493	1582
SPA_DF_001253_20151206_G00A0HP1C.xml	2430	2527
SPA_DF_001253_20151206_G00A0HP1C.xml	2639	2738
SPA_DF_001253_20151206_G00A0HP1C.xml	3255	3467
SPA_DF_001253_20151206_G00A0HP1C.xml	3657	3756
SPA_DF_001253_20151206_G00A0HP1C.xml	3980	4192
SPA_DF_001253_20151206_G00A0HP1C.xml	4531	4743
SPA_DF_001253_20151206_G00A0HP1C.xml	6347	6544
SPA_DF_001253_20151208_G00A08JLL.xml	1002	1317
SPA_DF_001253_20151208_G00A08JLL.xml	1953	2443
SPA_DF_001502_20151204_G00A0I486.xml	1199	2185
SPA_DF_001502_20151204_G00A0I486.xml	2566	2908
SPA_DF_001502_20151204_G00A0I486.xml	3424	3766
SPA_DF_001502_20151204_G00A0I486.xml	3769	4249
SPA_DF_001253_20130726_G00A0GWXP.xml	2788	2943
SPA_DF_001253_20130726_G00A0GWXP.xml	3692	3847
SPA_DF_001253_20140222_G00A08XJ5.xml	1831	1925
SPA_DF_001253_20140222_G00A08XJ5.xml	2376	2464
SPA_DF_001253_20140822_G00A08UEL.xml	638	752
SPA_DF_001253_20140822_G00A08UEL.xml	864	978
SPA_DF_001253_20140822_G00A08UEL.xml	1052	1236
SPA_DF_001253_20140822_G00A08UEL.xml	1810	1926
SPA_DF_001253_20140822_G00A08UEL.xml	2036	2219
SPA_DF_001253_20140822_G00A08UEL.xml	2875	2993
SPA_DF_001253_20140822_G00A08UEL.xml	3751	3934
SPA_DF_001253_20140822_G00A08UEL.xml	4181	4364
SPA_DF_001253_20151210_G00A0HP85.xml	702	818
SPA_DF_001253_20151210_G00A0HP85.xml	1488	1641
SPA_DF_001253_20151210_G00A0HP85.xml	1823	1939
SPA_DF_001253_20151210_G00A0HP85.xml	2304	2556
SPA_DF_001253_20151210_G00A0HP85.xml	3208	3292
SPA_DF_001253_20151210_G00A0HP85.xml	3478	3625
SPA_DF_001253_20151210_G00A0HP85.xml	6040	6193
SPA_DF_001253_20151210_G00A0HP85.xml	6413	6745
SPA_DF_001253_20130828_G00A090E7.xml	1417	1787
SPA_DF_001253_20130828_G00A090E7.xml	2088	2347
SPA_DF_001253_20130828_G00A090E7.xml	2790	3049
SPA_DF_001255_20160324_G00A0HY09.xml	753	794
SPA_DF_001255_20160324_G00A0HY09.xml	892	1078
SPA_DF_001255_20160324_G00A0HY09.xml	1566	1641
SPA_DF_001255_20160324_G00A0HY09.xml	1894	2495
SPA_DF_001255_20160324_G00A0HY09.xml	2706	2961
SPA_DF_001255_20160324_G00A0HY09.xml	3194	3321
SPA_DF_001255_20160324_G00A0HY09.xml	3626	3835
SPA_DF_001255_20160324_G00A0HY09.xml	3936	4044
SPA_DF_001255_20160324_G00A0HY09.xml	4519	4622
SPA_DF_001255_20160324_G00A0HY09.xml	4890	5003
SPA_DF_001255_20160324_G00A0HY09.xml	5006	5540
SPA_DF_001255_20160324_G00A0HY09.xml	5698	5977
SPA_DF_001253_20150903_G00A0HK11.xml	1236	1480
SPA_DF_001253_20150903_G00A0HK11.xml	1796	2473
SPA_DF_001253_20150903_G00A0HK11.xml	3179	3854
SPA_DF_001253_20150903_G00A0HK11.xml	4850	4986
SPA_DF_001253_20140828_G00A08UAN.xml	339	569
SPA_DF_001253_20140828_G00A08UAN.xml	822	1226
SPA_DF_001253_20140828_G00A08UAN.xml	1825	1971
SPA_DF_001253_20140828_G00A08UAN.xml	3155	3380
SPA_DF_001253_20140828_G00A08UAN.xml	3884	4283
SPA_DF_001253_20150712_G00A0HHEJ.xml	688	888
SPA_DF_001253_20150712_G00A0HHEJ.xml	2330	2529
SPA_DF_001253_20150712_G00A0HHEJ.xml	3249	3464
SPA_DF_001253_20150712_G00A0HHEJ.xml	4695	5044
SPA_DF_001253_20150712_G00A0HHEJ.xml	5552	5648
SPA_DF_001253_20150712_G00A0HHEJ.xml	5907	6376
SPA_DF_001253_20140122_G00A0GZUY.xml	429	648
SPA_DF_001253_20130724_G00A0GWW6.xml	4250	5069
SPA_DF_001253_20130724_G00A0GWW6.xml	5265	5430
SPA_DF_001253_20130724_G00A0GWW6.xml	5750	5856
SPA_DF_001253_20130724_G00A0GWW6.xml	6245	6391
SPA_DF_001253_20130724_G00A0GWW6.xml	6685	6845
SPA_DF_001253_20130724_G00A0GWW6.xml	7234	7399
SPA_DF_001253_20130724_G00A0GWW6.xml	7985	8071
SPA_DF_001502_20091113_G00A0I1F8.xml	2634	2790
SPA_DF_001253_20140815_G00A08UJU.xml	2617	3011
SPA_DF_001253_20140815_G00A08UJU.xml	3137	3531
SPA_DF_001253_20140815_G00A08UJU.xml	3880	4001
SPA_DF_001253_20140603_G00A0H2BL.xml	867	1293
SPA_DF_001253_20140603_G00A0H2BL.xml	3009	3201
SPA_DF_001253_20140603_G00A0H2BL.xml	3856	4282
SPA_DF_001253_20140603_G00A0H2BL.xml	4492	4612
SPA_DF_001253_20140603_G00A0H2BL.xml	5477	5903
SPA_DF_001253_20140603_G00A0H2BL.xml	6117	6460
SPA_DF_001253_20140619_G00A0H2XR.xml	1325	2139
SPA_DF_001253_20140619_G00A0H2XR.xml	2303	2439
SPA_DF_001253_20140619_G00A0H2XR.xml	3374	3512
SPA_DF_001253_20140619_G00A0H2XR.xml	3759	3816
SPA_DF_001253_20140619_G00A0H2XR.xml	4005	4349
SPA_DF_001253_20140619_G00A0H2XR.xml	4525	4856
SPA_DF_001253_20140619_G00A0H2XR.xml	5150	5352
SPA_DF_001253_20140612_G00A0H2NH.xml	675	800
SPA_DF_001253_20140612_G00A0H2NH.xml	1254	1552
SPA_DF_001253_20140612_G00A0H2NH.xml	1851	2024
SPA_DF_001253_20140619_G00A0H2X6.xml	1723	2066
SPA_DF_001253_20140619_G00A0H2X6.xml	2943	3052
SPA_DF_001253_20140619_G00A0H2X6.xml	3160	3325
SPA_DF_001253_20140619_G00A0H2X6.xml	3740	3990
SPA_DF_001253_20140619_G00A0H2X6.xml	4078	4328
SPA_DF_001253_20140619_G00A0H2X6.xml	4712	5055
SPA_DF_001253_20140619_G00A0H2X6.xml	5738	5903
SPA_DF_001253_20140619_G00A0H2X6.xml	6227	6393
SPA_DF_001253_20130308_G00A092WB.xml	796	900
SPA_DF_001253_20130308_G00A092WB.xml	1105	1567
SPA_DF_001253_20130308_G00A092WB.xml	3823	3973
SPA_DF_001253_20130308_G00A092WB.xml	4541	4634
SPA_DF_001253_20130308_G00A092WB.xml	5567	5748
SPA_DF_001253_20130308_G00A092WB.xml	6058	6520
SPA_DF_001253_20130308_G00A092WB.xml	6626	6690
SPA_DF_001502_20130313_G00A0I3DJ.xml	2275	2387
SPA_DF_001502_20130313_G00A0I3DJ.xml	3013	3601
SPA_DF_001502_20130313_G00A0I3DJ.xml	4001	4365
SPA_DF_001253_20130220_G00A0GULD.xml	2887	2988
SPA_DF_001253_20130220_G00A0GULD.xml	3230	3435
SPA_DF_001253_20130220_G00A0GULD.xml	5361	5462
SPA_DF_001253_20130211_G00A0GUGF.xml	948	1025
SPA_DF_001253_20130211_G00A0GUGF.xml	1227	1657
SPA_DF_001253_20130211_G00A0GUGF.xml	1774	1877
SPA_DF_001253_20130211_G00A0GUGF.xml	2260	2384
SPA_DF_001253_20130211_G00A0GUGF.xml	3830	3950
SPA_DF_001253_20130211_G00A0GUGF.xml	4154	4311
SPA_DF_001253_20130211_G00A0GUGF.xml	4458	5567
SPA_DF_001253_20130317_G00A0GUXH.xml	2897	3260
SPA_DF_001253_20130317_G00A0GUXH.xml	3735	4026
SPA_DF_001253_20130317_G00A0GUXH.xml	4631	4861
SPA_DF_001253_20160217_G00A0HSXL.xml	204	791
SPA_DF_001253_20160217_G00A0HSXL.xml	2053	2138
SPA_DF_001253_20160217_G00A0HSXL.xml	3209	3377
SPA_DF_001253_20160217_G00A0HSXL.xml	3539	3633
SPA_DF_001253_20160217_G00A0HSXL.xml	4757	4919
SPA_DF_001253_20160217_G00A0HSXL.xml	5144	5228
SPA_DF_001253_20160217_G00A0HSXL.xml	6060	6197
SPA_DF_001253_20160217_G00A0HSXL.xml	7045	7163
SPA_DF_001253_20160217_G00A0HSXL.xml	7965	8050
SPA_DF_001253_20160217_G00A0HSXL.xml	8445	8812
SPA_DF_001253_20151010_G00A07F8O.xml	2689	3100
SPA_DF_001253_20140715_G00A08V35.xml	1393	1767
SPA_DF_001253_20140715_G00A08V35.xml	1877	1939
SPA_DF_001253_20140715_G00A08V35.xml	2531	3017
SPA_DF_001253_20140715_G00A08V35.xml	3286	3512
SPA_DF_001253_20140715_G00A08V35.xml	3802	4060
SPA_DF_001253_20140715_G00A08V35.xml	4274	4444
SPA_DF_001253_20140715_G00A08V35.xml	5155	5218
SPA_DF_001253_20140715_G00A08V35.xml	5377	5597
SPA_DF_001253_20140715_G00A08V35.xml	6866	7032
SPA_DF_001253_20151018_G00A08LP5.xml	1727	2088
SPA_DF_001253_20151018_G00A08LP5.xml	3635	3957
SPA_DF_001253_20151018_G00A08LP5.xml	4229	4463
