,entity_type,n_sentence,F1_Stanford,F1_Stanford_std,N_avg,N_std,S_N
0,Belemnite101973723,84,0.9158,0.08043668317378583,0.93854,0.062187027586145374,-0.022740000000000093
1,PlanetaryNebula109394797,88,0.8152799999999999,0.04710479381124602,0.8055,0.03768649625529015,0.0097799999999999
2,Threadfin102610980,93,0.6194599999999999,0.13530249960736127,0.7657,0.12270929875115415,-0.14624000000000015
3,Bumblebee102209624,98,0.7112399999999999,0.07628416873768765,0.75964,0.05164992158754939,-0.04840000000000011
4,DestroyerEscort103180732,100,0.80776,0.07636445770121071,0.7833,0.10534655191319743,0.024460000000000037
5,Basin109215437,106,0.63452,0.06898757569301879,0.6295799999999999,0.1537694950242082,0.0049400000000000555
6,Cirque109245515,106,0.63452,0.06898757569301879,0.63618,0.13596119152169855,-0.0016599999999999948
7,Chiton103021121,120,0.66038,0.18833404790424912,0.77664,0.1252113189771596,-0.11626000000000003
8,Tunic104497570,120,0.66038,0.18833404790424912,0.7927000000000001,0.08545714715575284,-0.1323200000000001
9,EmploymentAgency108354352,120,0.23568,0.14587360830527227,0.53556,0.10251133790952102,-0.29988000000000004
10,TradingCard104465795,125,0.48513999999999996,0.14955537569743188,0.31701999999999997,0.2839169765970327,0.16812
11,Hurdle103549589,126,0.8442399999999999,0.05519944202616546,0.68364,0.09251483340524373,0.16059999999999985
12,Millipede101786646,131,0.5765,0.07259732777451249,0.57812,0.24642590285925708,-0.0016199999999999548
13,Urologist110741493,134,0.5002,0.1302653445855804,0.7050599999999999,0.09353462674325483,-0.20485999999999993
14,FireStation103347338,138,0.8824400000000001,0.014030053456776284,0.90474,0.04866980994415326,-0.022299999999999875
15,Radiologist110504206,139,0.4885,0.13639200856355185,0.76692,0.08847563280361435,-0.27842000000000006
16,Field108659446,143,0.7601199999999999,0.03919971428467305,0.6818,0.047698385716919145,0.07831999999999995
17,Homeopath110182402,144,0.46556000000000003,0.11313020109590545,0.62996,0.10993391833278753,-0.16439999999999994
18,Echinoderm102316707,145,0.58234,0.13066685272095596,0.5494000000000001,0.22505209174766627,0.03293999999999986
19,Polychaete101936391,148,0.6014200000000001,0.09866033448149264,0.6554800000000001,0.05656869805820178,-0.05406
20,Moss111537506,149,0.5684400000000001,0.044595138748522806,0.7374400000000001,0.04742179245874198,-0.16900000000000004
21,Steamboat104308807,152,0.5696,0.07847960244547622,0.43393999999999994,0.06393539238950523,0.13566000000000006
22,Cicada102256656,152,0.8048399999999999,0.08673540453586415,0.86912,0.017495302226597863,-0.06428000000000011
23,Palimpsest106407514,153,0.8113999999999999,0.09148558356375062,0.63384,0.16219735632864055,0.17755999999999994
24,Autograph106407094,153,0.8113999999999999,0.09148558356375062,0.60226,0.18668327830847625,0.20913999999999988
25,Glucoside114887801,153,0.60004,0.12529973024711585,0.63232,0.11975731125906262,-0.032279999999999975
26,Manuscript106407221,153,0.8113999999999999,0.09148558356375062,0.60312,0.18813091611960003,0.2082799999999999
27,Dicynodont101721174,155,0.8264600000000001,0.08066207535143144,0.72124,0.1034721334466435,0.10522000000000009
28,Poisoner110448568,155,0.5694600000000001,0.0787796318854055,0.6992799999999999,0.035422614245704705,-0.12981999999999982
29,Nebula109366940,155,0.7705,0.06626054633037674,0.7683399999999999,0.0650607592946778,0.0021600000000000508
30,Cynodont101720767,157,0.7988799999999999,0.04765960134117783,0.73844,0.0814671860321688,0.06043999999999994
31,Corvette103113035,159,0.66142,0.136996721128646,0.45236,0.14664712203108524,0.20906000000000002
32,BacteriaGenus101352574,160,0.7988200000000001,0.06728599854353058,0.61606,0.3126609128113075,0.18276000000000003
33,ScaleInsect102248510,161,0.7531800000000001,0.05722049982305295,0.74106,0.06701488192931476,0.01212000000000002
34,CoccidInsect102248368,161,0.7531800000000001,0.05722049982305295,0.7314200000000001,0.07868889121089458,0.02176
35,Sketch104227144,164,0.47078000000000003,0.12863406080817008,0.55488,0.09449783912873351,-0.08410000000000001
36,BusRoute108517554,165,0.40986,0.17001150078744673,0.30808,0.07674459981001922,0.10177999999999998
37,Diamond113371958,167,0.5332600000000001,0.2294372471940857,0.62954,0.10632746775880636,-0.09627999999999992
38,Spring115237044,167,0.36175999999999997,0.07042694370764646,0.46592,0.07438449838508022,-0.10416000000000003
39,TravelAgency108355692,170,0.40846,0.06624024758407837,0.476,0.08835091397376714,-0.06753999999999999
40,MotorScooter103791053,172,0.59634,0.13768765522006685,0.63876,0.06845636858612937,-0.04242000000000001
41,Watch104555897,173,0.5011399999999999,0.06376894542016512,0.45576,0.0857794054537568,0.04537999999999992
42,Schooner104147291,174,0.48558,0.07458022257944798,0.5917600000000001,0.10155917683794015,-0.10618000000000005
43,Flagellate101416585,176,0.5145799999999999,0.1361016590640981,0.5520799999999999,0.13960017765031676,-0.03749999999999998
44,Sighting100880269,177,0.4876200000000001,0.20202852669858284,0.5102599999999999,0.15077947605692227,-0.022639999999999827
45,Brachiopod102315487,178,0.59148,0.20155482033432,0.6211399999999999,0.25182290285039605,-0.02965999999999991
46,FungusGenus111592146,179,0.92184,0.02965741728471985,0.8292400000000001,0.09970846704267397,0.0925999999999999
47,OilRefinery103844673,180,0.64604,0.05262419975638583,0.7064,0.0773377527472838,-0.06036000000000008
48,Franchise108060193,180,0.22255999999999998,0.11165651973798932,0.41256000000000004,0.14471577108249123,-0.19000000000000006
49,PhysicalTherapist110427764,180,0.5410799999999999,0.06609585160961312,0.78986,0.09154997760786185,-0.2487800000000001
50,SulfaDrug104352070,183,0.603,0.09643443368423957,0.55242,0.05671216447994206,0.05057999999999996
51,Prey110470460,184,0.64898,0.06786702881370306,0.6956200000000001,0.09760947494992478,-0.046640000000000126
52,Brewery102897237,185,0.61902,0.03920384675003207,0.7013999999999999,0.07177152638755846,-0.0823799999999999
53,Bryophyte111537327,186,0.5914200000000001,0.09910758598613932,0.7144800000000001,0.04609973535715798,-0.12306000000000006
54,NonvascularOrganism113084479,186,0.5914200000000001,0.09910758598613932,0.72066,0.05049841977725636,-0.1292399999999999
55,Brook109229409,188,0.77436,0.06630371331984357,0.7854599999999999,0.06508396423083032,-0.011099999999999888
56,TreasureTrove113371355,189,0.5727,0.10858754993091978,0.6239600000000001,0.04298970109223839,-0.05126000000000008
57,MagicTrick100099951,189,0.5870599999999999,0.130490790479635,0.6483800000000001,0.07344217861692287,-0.06132000000000015
58,Gerbil102343772,189,0.8455799999999999,0.07380979338814056,0.84346,0.051017314707851875,0.0021199999999998997
59,OrthopterousInsect102226183,190,0.6097999999999999,0.14060978628815282,0.65122,0.05689321224891421,-0.04142000000000012
60,Resorcinol115004715,193,0.71014,0.10957323760845986,0.6449999999999999,0.10223116941520329,0.06514000000000009
61,Sura106461830,194,0.8603,0.0447650309951864,0.7757400000000001,0.03450707753490582,0.08455999999999986
62,Titanosaur101710747,194,0.8575799999999999,0.039687348109945564,0.8195599999999998,0.03145801010871476,0.038020000000000054
63,Campaigner109889691,195,0.5027,0.05905482198770901,0.69988,0.019907023886055898,-0.1971799999999999
64,FloorCover103366823,195,0.6309,0.08038892958610658,0.6505,0.03579765355438819,-0.01959999999999995
65,Rug104118021,195,0.6309,0.08038892958610658,0.6437800000000001,0.026553447987031745,-0.012880000000000114
66,Eclipse107368646,195,0.8572000000000001,0.1228793066386688,0.83674,0.12943533675159963,0.020460000000000034
67,Scope105125377,196,0.57636,0.14131336242549747,0.52284,0.08420806612195769,0.05352000000000001
68,WordGame100501870,197,0.23274,0.10842521109041016,0.40596,0.07406358349418424,-0.17321999999999999
69,Bromide114785625,198,0.8234,0.05935847033069502,0.80428,0.05893723441085441,0.019120000000000026
70,Performance100550771,200,0.57568,0.11969373250091248,0.60428,0.07912077856037568,-0.02860000000000007
71,Nitrobenzene114963486,202,0.6467,0.09522043898239492,0.6180399999999999,0.046510927748218474,0.02866000000000013
72,Dodger110022759,202,0.74038,0.1299586918986183,0.64662,0.15603368097946033,0.09376000000000007
73,Dinghy103199901,202,0.52366,0.10958057492092292,0.49411999999999995,0.04116476162933535,0.029540000000000066
74,SoundingRocket104262530,202,0.59286,0.05129801555615967,0.6687,0.081919057611767,-0.07583999999999991
75,Midwife110314836,203,0.5104599999999999,0.07475262135871892,0.71494,0.12304166123715982,-0.2044800000000001
76,Loan113398953,206,0.42473999999999995,0.11731599379453768,0.5641200000000001,0.12180036781553658,-0.13938000000000011
77,Bog109225943,207,0.4409000000000001,0.1871445965022768,0.48784,0.1147002284217429,-0.04693999999999987
78,AdvertisingCampaign100798959,208,0.29932000000000003,0.12199900655333225,0.23944000000000001,0.14782663630076956,0.05988000000000002
79,TrueFrog101640846,208,0.7707,0.06348476982710104,0.79298,0.08756486510010739,-0.022279999999999966
80,Textbook106414372,208,0.49456000000000006,0.19058737208954848,0.46471999999999997,0.05959568440751393,0.02984000000000009
81,BrassBand108249336,208,0.50474,0.1310828989609247,0.5071,0.09444570927257628,-0.0023600000000000287
82,Bryozoan102313709,211,0.81196,0.07537799678951412,0.7891800000000001,0.04223749045575502,0.02277999999999991
83,Seismologist110576513,213,0.70196,0.08176267118924135,0.78996,0.05001482180314147,-0.08799999999999997
84,BodilyProperty104997988,215,0.82886,0.045581118898070094,0.7206000000000001,0.08426688554823893,0.10825999999999991
85,Position105079866,215,0.82886,0.045581118898070094,0.71822,0.08055217936219974,0.11064000000000007
86,Refinery104068441,215,0.64962,0.07887411235633655,0.6792999999999999,0.05548783650494947,-0.02967999999999993
87,Naphthalene114958564,216,0.55702,0.1870229440469805,0.5631600000000001,0.17613324047436363,-0.006140000000000145
88,FungusOrder111594676,222,0.9087000000000002,0.017607952748687164,0.82212,0.036716666515357835,0.08658000000000021
89,TrackEvent107468861,223,0.8766399999999999,0.04331829174840579,0.8639800000000001,0.03145532705282207,0.012659999999999783
90,Hurdles107469162,223,0.8766399999999999,0.04331829174840579,0.86234,0.03909074570790381,0.014299999999999868
91,Cookie107635155,223,0.24504,0.0619683338488296,0.45488,0.06591416843137751,-0.20984
92,Commercial107250034,223,0.3621,0.09108714508645004,0.28898,0.2210480617422374,0.07311999999999996
93,CrownJewel113330425,225,0.5904,0.13509630638918296,0.7286600000000001,0.04054787787295407,-0.13826000000000005
94,Acetylene114600742,229,0.74278,0.03525140564573278,0.68582,0.03511845099089655,0.05696000000000001
95,Beer107886849,230,0.5607,0.12600274600182326,0.5236999999999999,0.07932941446903535,0.03700000000000003
96,Brew107886572,230,0.5607,0.12600274600182326,0.49076000000000003,0.06512887531655988,0.06993999999999995
97,ConsultingFirm108062464,231,0.5166999999999999,0.2097932315400094,0.6685399999999999,0.15017220248767746,-0.15183999999999997
98,Antiviral102725367,234,0.48234,0.1207486082735532,0.50208,0.03940159387639034,-0.01973999999999998
99,Vespid102212602,235,0.925,0.009165587815301305,0.9102799999999999,0.008910981988535316,0.014720000000000177
100,Wasp102212062,235,0.925,0.009165587815301305,0.8943,0.017955054998523394,0.03070000000000006
101,Bull106726761,235,0.59826,0.1371544326662467,0.6755,0.13279030085062685,-0.07723999999999998
102,Moneran101342269,237,0.76488,0.09042328018823473,0.81878,0.05122645410332438,-0.05389999999999995
103,CarnivorousBat102141306,238,0.90232,0.0387076943255472,0.89984,0.037454163987466114,0.0024800000000000377
104,Oncologist110377633,239,0.5929599999999999,0.06778529634072569,0.7358399999999998,0.021201094311379343,-0.1428799999999999
105,Ranch104052442,240,0.6423,0.059643541142356725,0.6543599999999999,0.03575352290334475,-0.01205999999999996
106,Nunnery103835853,243,0.69614,0.10596940313128124,0.72204,0.05247508361117687,-0.025900000000000034
107,RailroadTunnel104048441,244,0.65886,0.06861086211380821,0.60824,0.11896112978616169,0.05062
108,Imidazole114916670,246,0.5758800000000001,0.092695143346348,0.5804799999999999,0.09237037187323652,-0.0045999999999998264
109,Endocrinologist110056914,247,0.5192599999999999,0.07228376304537554,0.7088800000000001,0.04217138366238414,-0.18962000000000012
110,RegularPayment113281275,247,0.61646,0.05082403368486213,0.5858000000000001,0.08473594278698979,0.03065999999999991
111,CleansingAgent103040587,247,0.38661999999999996,0.2202945700647204,0.45186000000000004,0.1200274235331243,-0.06524000000000008
112,DerivedFunction106014730,248,0.53108,0.13113813175426892,0.50286,0.11992480310594636,0.028220000000000023
113,Pagoda103874965,249,0.74648,0.08195731571983064,0.6008,0.03721693163064355,0.14568000000000003
114,DesignerDrug103179489,249,0.65518,0.09023831558711633,0.6573800000000001,0.1443427504241207,-0.0022000000000000908
115,Fluorescein114987695,250,0.6099,0.12298159211849552,0.5246,0.09964633460393814,0.08530000000000004
116,AbsorptionIndicator114598383,250,0.6099,0.12298159211849552,0.54214,0.0846248568684166,0.06776000000000004
117,Indicator114917208,250,0.6099,0.12298159211849552,0.5099600000000001,0.05839820545188012,0.09993999999999992
118,Salad107806221,250,0.47331999999999996,0.16411051642109958,0.61354,0.1243110067532236,-0.14022
119,SchoolShip104146862,250,0.65794,0.05363508553176735,0.61926,0.08983891361765232,0.03867999999999994
120,Copy103104594,252,0.3478600000000001,0.2524212875333616,0.52386,0.1719089247246925,-0.17599999999999988
121,Seafood107776866,253,0.64898,0.15639440399195872,0.68122,0.08068274660669407,-0.032240000000000046
122,Democrat110002031,253,0.7777999999999999,0.15443960631910456,0.88124,0.04245725379720173,-0.10344000000000009
123,Vodka107906111,255,0.48452,0.09285268762938416,0.56884,0.09950808208381873,-0.08432
124,Test101006675,255,0.5950200000000001,0.07682742739412793,0.66608,0.08731770496296842,-0.0710599999999999
125,Elasmobranch101482071,256,0.5204,0.035776752228227765,0.44164000000000003,0.12727465733601487,0.07875999999999994
126,Shark101482330,256,0.5204,0.035776752228227765,0.46662,0.13583733507397736,0.053779999999999994
127,Salamander101629276,257,0.75936,0.04643363436131183,0.77408,0.079463662135595,-0.014719999999999955
128,Sulfide115063699,259,0.6864,0.10076848713759674,0.6735800000000001,0.07809495246173084,0.012819999999999943
129,Barrio108676349,259,0.95354,0.011138689330437416,0.93256,0.024908199453192097,0.02098000000000011
130,Column103074380,259,0.56626,0.16578495227251475,0.5408799999999999,0.18979439823134925,0.02538000000000007
131,Obelisk103837869,259,0.56626,0.16578495227251475,0.5642199999999999,0.16791280356184873,0.0020400000000000418
132,Fastener110080337,260,0.35496,0.07506121768263553,0.40862,0.06857843392787563,-0.053659999999999985
133,Maar109344724,261,0.5886600000000001,0.0757735996241435,0.6640600000000001,0.09196448444916117,-0.07540000000000002
134,SimpleClosedCurve113868371,262,0.57092,0.06316031665531767,0.62134,0.08361314729155937,-0.05042000000000002
135,ClosedCurve113868248,262,0.57092,0.06316031665531767,0.61742,0.08548111838295055,-0.046499999999999986
136,Supernova109451237,264,0.55962,0.11905604394569813,0.50622,0.10551322950227618,0.0534
137,Tetrapod102156732,264,0.64896,0.22053745804284586,0.69696,0.154043378306242,-0.04800000000000004
138,Cabinetmaker109885866,266,0.69638,0.04256610858417762,0.7544799999999999,0.0783689836606294,-0.05809999999999993
139,Vole102339376,267,0.78894,0.06484731605856943,0.84956,0.07143597413068574,-0.06062000000000001
140,WoodRat102338901,267,0.78894,0.06484731605856943,0.82524,0.07709333563934041,-0.0363
141,Dumpling107702193,268,0.5284399999999999,0.061961717213130874,0.6099399999999999,0.0713524659699999,-0.08150000000000002
142,Suffragan110672540,268,0.82114,0.03162483833950775,0.7607399999999999,0.06653848811026593,0.06040000000000012
143,Hut103550153,269,0.76144,0.06796936368688472,0.74042,0.035201784045698604,0.02102000000000004
144,ChiefExecutiveOfficer109916348,269,0.44698,0.40429647735294455,0.6524599999999999,0.2771729611632419,-0.20547999999999994
145,Sonnet106381372,269,0.9945,0.005423651906234401,0.9915800000000001,0.008393187713854604,0.0029199999999999227
146,Booklet106413889,273,0.4055,0.14828490145662168,0.20709999999999998,0.253689605620727,0.19840000000000005
147,SpreeKiller110581648,273,0.60168,0.16450999240167755,0.7447000000000001,0.04227173996892015,-0.14302000000000015
148,Sabotage101244895,274,0.6745800000000001,0.0836124727537704,0.6719199999999999,0.09324596291529196,0.0026600000000002177
149,Convict109962966,276,0.71192,0.0738201977781149,0.808,0.06261411981334555,-0.09608000000000005
150,HydroxyAcid114613922,276,0.5539999999999999,0.0985490131863328,0.5640000000000001,0.06328901958475892,-0.01000000000000012
151,Protozoan101389507,277,0.59214,0.09121088970073694,0.5715,0.05110604660898748,0.02063999999999999
152,Herbicide114906850,277,0.6434199999999999,0.09497884817157977,0.66506,0.07718713882506592,-0.021640000000000104
153,Dune109270735,277,0.52062,0.2012746521547112,0.57352,0.07253077691573419,-0.05290000000000006
154,Lemma106751833,279,0.7419600000000001,0.13851620266236006,0.7576200000000001,0.0914760602562222,-0.015660000000000007
155,Cyst114202996,279,0.6853800000000001,0.10425761171252676,0.6800200000000001,0.05101648361069195,0.005360000000000031
156,Sponge101906749,280,0.68238,0.10676964737227523,0.64634,0.11118943474988979,0.03603999999999996
157,Figure103335600,284,0.26371999999999995,0.07534375621111546,0.37898,0.060670796929000376,-0.11526000000000003
158,Model103777283,284,0.26371999999999995,0.07534375621111546,0.41068000000000005,0.06134565673297499,-0.1469600000000001
159,Lemur102496913,285,0.9028,0.018283872675120032,0.8939999999999999,0.03826146886882418,0.008800000000000141
160,Prospector110485298,286,0.7130400000000001,0.08406448953035996,0.80568,0.0536621058103388,-0.09263999999999983
161,SoundFilm104261868,287,0.8046599999999999,0.02268079363690784,0.8235800000000001,0.027386522232660346,-0.01892000000000016
162,Dress103236735,287,0.2754800000000001,0.033763376608390336,0.5231,0.09583990818025652,-0.2476199999999999
163,Session107145508,288,0.7653399999999999,0.04531686661718793,0.7947599999999999,0.04610017787384339,-0.02942
164,CreditUnion108234628,289,0.6562600000000001,0.039952802154542284,0.6800599999999999,0.013690522269073602,-0.02379999999999982
165,Decade115204983,291,0.8167200000000001,0.03290139206781379,0.7622199999999999,0.05197370104196929,0.054500000000000215
166,Neurosurgeon110354754,292,0.5475800000000001,0.07343071292041227,0.74544,0.030122987899609155,-0.19785999999999992
167,Builder115097209,294,0.4808,0.1258580946939846,0.60312,0.08010741289044353,-0.12231999999999998
168,Swine102395003,294,0.5314399999999999,0.1077546583679796,0.4796,0.1513260056963112,0.051839999999999886
169,Hog102395406,294,0.5314399999999999,0.1077546583679796,0.44952000000000003,0.14054956990329073,0.08191999999999988
170,Pyramid113914837,295,0.6564,0.08152690353496814,0.61958,0.0836753105760594,0.036819999999999964
171,Blacksmith109859152,295,0.21186,0.06381440589710131,0.50718,0.10723757550411142,-0.29531999999999997
172,Reservoir113776854,295,0.5292399999999999,0.04058041892341675,0.60548,0.06790995214252474,-0.07624000000000009
173,Cooperation101202904,296,0.6265799999999999,0.07220380599386712,0.69874,0.07699300227942796,-0.07216000000000011
174,Decree106539770,296,0.50234,0.17890692105114325,0.5882400000000001,0.13440387792024452,-0.08590000000000009
175,Collaboration101205156,296,0.6265799999999999,0.07220380599386712,0.65826,0.042640009380861994,-0.03168000000000004
176,Bookshop102871525,301,0.5766399999999999,0.13625159962363745,0.4402799999999999,0.17462562698527384,0.13636000000000004
177,Antineoplastic102722458,301,0.5065,0.11455831702674407,0.57592,0.07841585043854335,-0.06942000000000004
178,Conclusion106398401,301,0.48184,0.07845685693424125,0.6392800000000001,0.03808324566000118,-0.15744000000000008
179,Finale107039478,301,0.48184,0.07845685693424125,0.61658,0.04722242687537352,-0.13474000000000003
180,ArmoredDinosaur101701551,302,0.82868,0.03260671096568926,0.76422,0.03337935889138678,0.06445999999999996
181,Rugby100470966,302,0.7832800000000001,0.08012783286723782,0.74852,0.06047324697748585,0.034760000000000124
182,Miniaturist110320106,302,0.7379600000000001,0.07267122126399142,0.8093999999999999,0.054346149817627386,-0.07143999999999984
183,MilitaryMarch107058468,305,0.45708,0.207429644940158,0.6541399999999999,0.10473714909238266,-0.19705999999999996
184,Internist110212231,305,0.5591600000000001,0.08977355067056222,0.7171,0.04933278828527734,-0.15793999999999986
185,Drawbridge103233744,306,0.7897799999999999,0.08998062902647436,0.7316400000000001,0.0885316802054496,0.05813999999999986
186,Season115236475,309,0.37918,0.08716663123007565,0.487,0.10798036858614626,-0.10781999999999997
187,Pier103933529,309,0.68308,0.043768271613121766,0.67784,0.09779516552468225,0.005240000000000022
188,ChamberOfCommerce108319061,311,0.69858,0.09675051214334736,0.70286,0.14222542107513692,-0.0042800000000000615
189,Transvestite110726031,311,0.5828,0.09903575112049183,0.65048,0.059540083977099006,-0.06767999999999996
190,OilTanker103845190,313,0.5062599999999999,0.06277925134947054,0.54896,0.122213118772086,-0.04270000000000007
191,Silversmith110598749,314,0.4807200000000001,0.08363021941858098,0.6430800000000001,0.055449162302058264,-0.16236
192,Slab104233405,315,0.6965999999999999,0.0932699951752974,0.6273799999999999,0.057305929885134936,0.06921999999999995
193,Tablet104381302,315,0.6965999999999999,0.0932699951752974,0.65688,0.047550663507463294,0.039719999999999867
194,Meteorite109352849,315,0.5567200000000001,0.2093781211110655,0.58542,0.16860320756142214,-0.028699999999999948
195,Piperazine103946814,315,0.68408,0.04188829908220194,0.67892,0.03576335554726374,0.005160000000000053
196,VolcanicEruption107436475,317,0.42163999999999996,0.042853265919880604,0.55216,0.12463857508813234,-0.13052000000000002
197,ReligiousSchool108284054,317,0.7057,0.12424363162754057,0.6567,0.10876951778876288,0.049000000000000044
198,Volition105652593,318,0.39594,0.16808282006201586,0.44576000000000005,0.1596457027295129,-0.04982000000000003
199,Gecko101674990,320,0.7728200000000001,0.08536962926005948,0.84956,0.06090433810493303,-0.07673999999999992
200,Sheet106255777,321,0.5991799999999999,0.17221046890360642,0.6426399999999999,0.1119680954558038,-0.04345999999999994
201,Cookbook106413020,324,0.6271399999999999,0.1890019957566586,0.67104,0.13202965727441693,-0.04390000000000005
202,Circus108189211,326,0.69194,0.15534045963624546,0.64734,0.16874838784415097,0.04459999999999997
203,Arbiter109804053,330,0.5859800000000001,0.13892088971785346,0.6800200000000001,0.06031574918709042,-0.09404000000000001
204,Protist101387451,330,0.6227400000000001,0.15876897177975302,0.67152,0.08469260652500897,-0.048779999999999935
205,Extent105123416,330,0.4259799999999999,0.17455058178075486,0.48978,0.0999701235369848,-0.06380000000000008
206,BinaryCompound114618834,331,0.5349999999999999,0.25570667570480043,0.53016,0.17780243642875088,0.0048399999999999554
207,Workstation104603399,331,0.5706399999999999,0.14795969180827595,0.50084,0.11183864448391712,0.06979999999999997
208,Extension115272382,331,0.40121999999999997,0.0782206980280795,0.41788,0.08517946700936792,-0.016660000000000008
209,Barn102793495,331,0.7686599999999999,0.044775823833850335,0.7189,0.050895618671944615,0.049759999999999915
210,Delay115272029,332,0.4065600000000001,0.07835467056914988,0.41654,0.09145467948661785,-0.009979999999999933
211,Aldehyde114584765,333,0.67438,0.10297843269345286,0.62456,0.06516513178073075,0.049819999999999975
212,Gas114877585,333,0.5643600000000001,0.060279402784035624,0.48898,0.070846690818979,0.07538000000000006
213,Anesthetic102710766,333,0.51058,0.14310318514973733,0.47946,0.10784026335279416,0.031120000000000037
214,Lieutenancy100594580,334,0.91118,0.042121699870731714,0.93266,0.015740216008682976,-0.021480000000000055
215,Hadrosaur101705934,334,0.8429,0.03472595571039048,0.75494,0.03643430251836857,0.08795999999999993
216,AromaticHydrocarbon114767996,335,0.68338,0.10293404490254912,0.6310199999999999,0.1133175961622907,0.05236000000000007
217,Aniline114754505,335,0.6189399999999999,0.12154596825892665,0.6042799999999999,0.09453903743956779,0.014660000000000006
218,Acme113940456,339,0.6797,0.09449027463183712,0.6688600000000001,0.08326179435971823,0.01083999999999985
219,Degree113939892,339,0.6797,0.09449027463183712,0.6712,0.08123312132375562,0.008499999999999952
220,Vaccine104517535,341,0.6140399999999999,0.1350426391922196,0.6168399999999999,0.035666712772555835,-0.0028000000000000247
221,Marsh109347779,344,0.5753,0.08953330106725656,0.6437,0.120409617556074,-0.06840000000000002
222,HoldingDevice103525827,345,0.63146,0.08824263368689762,0.6063600000000001,0.06667973005344278,0.0250999999999999
223,Lookout103688943,345,0.6506000000000001,0.07778161736554468,0.6169800000000001,0.07299349012069503,0.03361999999999998
224,Connection113791389,346,0.63832,0.11771591905940335,0.6304000000000001,0.09641433503374901,0.007919999999999927
225,Pteridophyte111545524,347,0.68488,0.07412053426682783,0.793,0.03297441432383601,-0.10812
226,Fanjet103321103,347,0.6839999999999999,0.034629467220851105,0.7024,0.019940812420761615,-0.018400000000000083
227,SignLanguage106875697,349,0.8418399999999999,0.06691022642317092,0.8273199999999999,0.03947887536392087,0.014519999999999977
228,Pathology114204950,354,0.63384,0.08470257611194598,0.6429600000000001,0.05678822413141655,-0.009120000000000128
229,Inspector110208847,357,0.6847599999999999,0.2392691588985091,0.7961000000000001,0.11109918091507244,-0.11134000000000022
230,Inaction114010148,359,0.51998,0.10882750387654766,0.5736,0.0755010993297449,-0.05362
231,BlackHole109223177,360,0.5031399999999999,0.12275760831818125,0.5791999999999999,0.1580633670399312,-0.07606000000000002
232,PrintingConcern108069627,363,0.33588,0.13582069650830098,0.33957999999999994,0.12003586797286883,-0.0036999999999999256
233,LanguageSchool108282950,364,0.6701599999999999,0.1901995751835424,0.63678,0.20359902160865115,0.033379999999999854
234,Yacht104610013,365,0.5566199999999999,0.07163916247416631,0.55796,0.03794119660738182,-0.0013400000000001189
235,Encyclical106625062,365,0.75888,0.06974855984176304,0.82408,0.05310244438818238,-0.06520000000000004
236,WaterCompany108186546,366,0.66848,0.09675104960670967,0.6591800000000001,0.05467143312553642,0.009299999999999864
237,Monomer114682963,366,0.5616800000000001,0.08144655671052027,0.5592,0.0740800107991353,0.0024800000000000377
238,AutosomalDominantDisease114162025,367,0.63646,0.15266940230445653,0.6966,0.06651123213412903,-0.06013999999999997
239,Bunchgrass112103476,368,0.76768,0.04784083611309484,0.74136,0.0816847990754706,0.02632000000000001
240,SymphonicPoem107047373,368,0.6026,0.0578759708341899,0.7307600000000001,0.047569847592776715,-0.12816000000000005
241,Flatbread107682624,370,0.49046,0.12281696299778788,0.5752400000000001,0.06956118457875773,-0.08478000000000008
242,ScienceTeacher110560548,373,0.4509,0.08407808275644732,0.7167,0.0651032718071834,-0.2658
243,Sloop104242408,373,0.8272400000000001,0.07059262284403378,0.7838999999999999,0.06879322641074481,0.043340000000000156
244,Dock103217191,373,0.79988,0.06174714244400303,0.81074,0.04273582104043395,-0.01085999999999998
245,BowedStringedInstrument102880546,374,0.5555,0.2183274238386007,0.58538,0.15814411655196028,-0.029880000000000018
246,Spice115050011,375,0.21372,0.11868842235028655,0.32428,0.06726114480143792,-0.11056000000000002
247,Survey100644503,376,0.57252,0.06497191393209839,0.5243,0.038525679747410016,0.04822000000000004
248,Doge110023264,377,0.8540800000000001,0.04954264425724572,0.8628,0.04729854120372001,-0.00871999999999995
249,Identity104618070,379,0.54948,0.12189926004697485,0.5393800000000001,0.10909475514432396,0.010099999999999887
250,Trouble105687338,381,0.6615,0.05934603609340727,0.6894,0.07672553681793308,-0.027900000000000036
251,Crab101976957,382,0.6386799999999999,0.07869275443139606,0.6578199999999998,0.04892391644175678,-0.019139999999999935
252,BloodTest105742551,383,0.43752,0.0863521487862346,0.42698,0.11016370364144443,0.010539999999999994
253,Biopsy105740929,383,0.43752,0.0863521487862346,0.49062,0.0495267765961,-0.05309999999999998
254,NoncommissionedOfficer110360747,384,0.40498,0.22845965420616396,0.47968,0.17887084055261776,-0.07469999999999999
255,Native109620794,384,0.52636,0.08693677242686207,0.5710999999999999,0.0524652646996086,-0.04473999999999989
256,Speechwriter110631654,386,0.65666,0.055319855386651184,0.7457800000000001,0.05188087894398089,-0.08912000000000009
257,Quartermaster110498986,386,0.41136000000000006,0.17371947041135027,0.7092600000000001,0.0765925218281785,-0.29790000000000005
258,Conduction111512818,387,0.42091999999999996,0.221016346906739,0.63198,0.10987786674303428,-0.21106000000000003
259,Discharge111511523,387,0.42091999999999996,0.221016346906739,0.6311599999999999,0.1078464575217934,-0.21023999999999998
260,ElectricalConduction111512650,387,0.42091999999999996,0.221016346906739,0.6335200000000001,0.11641497154575951,-0.21260000000000012
261,Mural103799710,388,0.4196999999999999,0.24525897333227176,0.42269999999999996,0.25172882234658783,-0.003000000000000058
262,Escarpment109274152,388,0.68738,0.13794332749357613,0.6935600000000001,0.1467860838090587,-0.006180000000000074
263,Epidemiologist110061882,391,0.5938199999999999,0.06396434631886735,0.7692,0.06631922798103124,-0.1753800000000001
264,HomopterousInsect102246011,393,0.7600399999999999,0.06701917934442347,0.75426,0.06075862407922021,0.005779999999999896
265,Strip104339291,393,0.49408,0.08094732608307703,0.49174000000000007,0.0984480492442588,0.0023399999999999532
266,Band102784218,393,0.49408,0.08094732608307703,0.5060800000000001,0.048320819529474035,-0.012000000000000066
267,ComprehensiveSchool108413248,394,0.7100799999999999,0.025958921395158176,0.7615200000000001,0.028098996423360067,-0.05144000000000015
268,Cloud111439690,395,0.6392,0.0963992738561863,0.65694,0.05372696157424131,-0.017739999999999978
269,Failure100066636,395,0.39432,0.08573166042950528,0.48388,0.06340774085235967,-0.08955999999999997
270,Photograph103925226,395,0.6493400000000001,0.17169121817961455,0.65382,0.10710371422130982,-0.0044799999999998175
271,NurseryRhyme107222728,395,0.8264400000000001,0.051604131617536214,0.79192,0.01548501210848732,0.034520000000000106
272,Analgesic102707683,395,0.62608,0.06763506191318229,0.63678,0.09658922093070219,-0.010700000000000043
273,Crossing100297532,397,0.4107799999999999,0.198988295133156,0.52028,0.12882883838644202,-0.10950000000000004
274,Gazette106267655,400,0.5771599999999999,0.21009456537473786,0.6265600000000001,0.18489640991647185,-0.04940000000000022
275,Knife103623556,401,0.38068,0.07708806392691414,0.45343999999999995,0.05065430287744566,-0.07275999999999994
276,Metropolitan110313239,402,0.60778,0.065316166452112,0.64046,0.03280369491383554,-0.03268000000000004
277,Polysaccharide114994004,402,0.6184,0.08861695097440442,0.64872,0.09004257659574161,-0.030320000000000014
278,AnimalSkin114758842,403,0.3988200000000001,0.1827851241211932,0.47948,0.10063234867576132,-0.0806599999999999
279,Machinery103701640,403,0.5804,0.12060641773968747,0.6016800000000001,0.09370655046473542,-0.021280000000000077
280,SealingWax104160036,403,0.6200399999999999,0.07236440008733579,0.6178000000000001,0.07097996900534691,0.0022399999999997977
281,LiveryCompany108186898,404,0.8748600000000002,0.024084069423583723,0.77698,0.05300412814111744,0.09788000000000019
282,InformationGathering100981711,407,0.5212399999999999,0.09063556917678622,0.57742,0.07348987413242723,-0.05618000000000012
283,Hairdresser110155849,407,0.7001,0.14468928087456928,0.7731999999999999,0.09760223358099955,-0.07309999999999994
284,Intelligence100981830,407,0.5212399999999999,0.09063556917678622,0.5795999999999999,0.09774738871192415,-0.05835999999999997
285,LargeIndefiniteQuantity113757724,409,0.6053200000000001,0.11790920913991408,0.5791999999999999,0.09436261971776748,0.026120000000000143
286,Cancer114239918,409,0.6007600000000001,0.18880992134948846,0.601,0.1300650913965773,-0.00023999999999990695
287,Embryology106071426,410,0.7261,0.0953729940811339,0.72908,0.020113020658270093,-0.0029799999999999827
288,DietarySupplement107562495,411,0.29818,0.1128764705330566,0.37812,0.13474882411360778,-0.07994000000000001
289,Bacteriologist109831411,412,0.62752,0.0941457040974255,0.76244,0.033984914300318594,-0.13492000000000004
290,FinancialAnalyst109790865,412,0.7486200000000001,0.08138025313305433,0.7887000000000001,0.046183979906456764,-0.040080000000000005
291,DiagnosticTest105739043,412,0.43498,0.042538848127329436,0.40388,0.05461942511597865,0.03109999999999996
292,Pachyderm102453108,412,0.57672,0.10007340106142093,0.6124400000000001,0.07115713878452395,-0.035720000000000085
293,Dragonfly102268443,413,0.8375,0.05096704817821018,0.8331,0.03315756323977984,0.0044000000000000705
294,Assay100791527,413,0.4379799999999999,0.04346540693471074,0.4307,0.0558457518527596,0.007279999999999898
295,InorganicCompound114919511,414,0.5159,0.16471346028785866,0.51156,0.11148353421021419,0.0043400000000000105
296,Leporid102323902,414,0.5927800000000001,0.23479847018240985,0.6190599999999999,0.21373706838075604,-0.02627999999999986
297,CruiseShip103141327,414,0.6835600000000001,0.14218808107573572,0.68962,0.09438428682784011,-0.006059999999999954
298,Sender110578762,415,0.72582,0.0877581084572816,0.7025399999999999,0.06631188732044957,0.02328000000000008
299,Pyrimidine114999913,421,0.6691800000000001,0.07500489050721958,0.6912800000000001,0.052584651753149414,-0.02210000000000001
300,Blockage102853449,421,0.54832,0.1105528543276925,0.5889,0.08000014999985937,-0.04057999999999995
301,Plug103967942,421,0.54832,0.1105528543276925,0.59286,0.1464976259193302,-0.044540000000000024
302,Noodle107699584,422,0.6001799999999999,0.05701516991117365,0.6287200000000001,0.04596378574486659,-0.02854000000000012
303,Passage100318035,422,0.81258,0.12982287009614293,0.7743,0.16130225044927302,0.03827999999999998
304,Relay100318567,422,0.81258,0.12982287009614293,0.7759400000000001,0.15148067335472207,0.036639999999999895
305,Shotgun104206356,422,0.6872999999999999,0.05794745896068264,0.6562800000000001,0.07235765059756986,0.031019999999999825
306,Woodcarver110789963,422,0.55632,0.13062458267875926,0.7279800000000001,0.08663385943151787,-0.17166000000000003
307,Jersey103595614,423,0.6791,0.03256458198718356,0.58748,0.047623666385527286,0.09162000000000003
308,Stimulant104320126,425,0.77282,0.050257393485934006,0.7363999999999999,0.037027935400181275,0.03642000000000001
309,Autobiography106516087,426,0.39084,0.14373351175004387,0.5187,0.13571350706543545,-0.12786000000000003
310,Switch104372370,427,0.43236,0.07879636032203517,0.52084,0.08819017178801733,-0.08847999999999995
311,Glider103439814,427,0.6772400000000001,0.07119703926428403,0.65812,0.09906590533579147,0.019120000000000026
312,PartyGame100458800,427,0.40844,0.1168521561632476,0.5875600000000001,0.10278004864758529,-0.17912000000000006
313,Analyst109791530,428,0.7588000000000001,0.06990799668135256,0.7899200000000001,0.046071309944476314,-0.031119999999999925
314,EdibleFat107672135,428,0.5222399999999999,0.2228820997747464,0.5771599999999999,0.1964686906354292,-0.05491999999999997
315,Charge113306870,428,0.47328,0.04867933442437354,0.53284,0.04211862295944632,-0.05956
316,Landgrave110245029,430,0.71922,0.05579736194480884,0.75634,0.06892565850247638,-0.03712000000000004
317,Moor109358751,431,0.7329600000000001,0.1313412440933921,0.7159199999999999,0.11712822717005492,0.017040000000000166
318,Velodrome104524833,433,0.7148399999999999,0.1712533164642367,0.72858,0.13313045331553558,-0.013740000000000085
319,MalignantTumor114239425,433,0.56558,0.18588785221202594,0.59004,0.13827544395155636,-0.024460000000000037
320,Band108249038,433,0.47562,0.12728592066682,0.48767999999999995,0.02175181831479841,-0.01205999999999996
321,Malignancy114237561,433,0.56558,0.18588785221202594,0.6109,0.09568211954174095,-0.04532000000000003
322,EdgeTool103265032,434,0.38668,0.060031971481869575,0.46936,0.06330493187738218,-0.08267999999999998
323,Landslide107474185,435,0.6905600000000001,0.11210039429011834,0.66886,0.10297620307624474,0.021700000000000053
324,Purine114706749,435,0.7383000000000001,0.08488573496177082,0.71936,0.09425833862316903,0.018940000000000068
325,Indicator107262579,436,0.68672,0.1369143440257448,0.67036,0.14434510868055075,0.01636000000000004
326,Target107262108,436,0.68672,0.1369143440257448,0.65046,0.11205012449792283,0.03625999999999996
327,Cutlery103153375,439,0.42012,0.20864472579003765,0.51784,0.13716274421285105,-0.09771999999999997
328,DentalSchool108281963,439,0.73878,0.1485724119747674,0.74132,0.1239435097130947,-0.0025399999999999867
329,Jewel103596787,440,0.6479199999999999,0.24412226772664555,0.6986,0.18319931222578323,-0.05068000000000006
330,Mark106817782,443,0.52952,0.19598162566934688,0.53852,0.1502732764000306,-0.009000000000000008
331,Joke106778102,445,0.11752,0.03991563102344745,0.32599999999999996,0.12399301593235001,-0.20847999999999994
332,PhotographicPaper103926412,446,0.5841999999999999,0.15714146492889774,0.6081,0.1051398687463514,-0.023900000000000032
333,Film103338821,446,0.5841999999999999,0.15714146492889774,0.6078000000000001,0.1093712027912284,-0.023600000000000176
334,Trouser104489008,446,0.47634,0.08677180648113762,0.50656,0.08284874410635326,-0.030220000000000025
335,ArmorPlate102740764,447,0.5286,0.15698757912650288,0.54758,0.168090278124584,-0.018979999999999997
336,Sandwich107695965,447,0.47086,0.11525664579537268,0.55572,0.05738475058759077,-0.08485999999999999
337,Pastry107622708,450,0.4563,0.07368011943529952,0.60202,0.012550920284983072,-0.14572000000000002
338,Pie107625493,450,0.4563,0.07368011943529952,0.59354,0.044283297076888925,-0.13723999999999997
339,Minesweeper103769100,450,0.80374,0.048219357108945364,0.8047599999999999,0.03725343474097388,-0.0010199999999999099
340,Pet101318894,450,0.26526,0.0851228429976349,0.40687999999999996,0.04808922540445,-0.14161999999999997
341,Crystallographer109981740,453,0.6552399999999999,0.07498964195140552,0.7743,0.07700119479592507,-0.11906000000000005
342,Phobia114381416,457,0.65392,0.02174041397949913,0.5773,0.08720678872656648,0.07661999999999991
343,AreaCode106354626,457,0.8243599999999999,0.03472253446970715,0.81988,0.027424106184158487,0.0044799999999998175
344,Fat114864360,459,0.49948000000000004,0.2149886359787419,0.5455000000000001,0.17773320455109115,-0.04602000000000006
345,Righteousness104826235,459,0.57294,0.2031573439479853,0.5802400000000001,0.2175020422892622,-0.007300000000000084
346,Justice104850117,459,0.57294,0.2031573439479853,0.6223,0.1896098309687554,-0.04935999999999996
347,Terpene115068635,461,0.70468,0.12502702747806171,0.6601800000000001,0.09644698854811384,0.04449999999999987
348,DepartmentStore103176763,462,0.5667399999999999,0.2707870055966497,0.62846,0.18755876519107287,-0.06172000000000011
349,Typhoon111521145,463,0.90996,0.02455610718334648,0.8355,0.044558052022053214,0.07445999999999997
350,Campsite108518171,464,0.6668399999999999,0.06292940806967756,0.7467,0.07268251509132032,-0.07986000000000015
351,Warden110767154,465,0.6000400000000001,0.05736440011017286,0.68502,0.019534011364796527,-0.08497999999999983
352,Primary100182571,466,0.6580999999999999,0.052766201303485916,0.6506,0.04028175765777854,0.007499999999999951
353,MarineEngineer110294421,469,0.6190399999999999,0.0943824263303291,0.76772,0.054892819202515,-0.14868000000000003
354,Coat103057021,470,0.6599999999999999,0.1390612670731861,0.6791,0.10292265056827869,-0.019100000000000117
355,Lagomorph102323449,470,0.62838,0.13496515698505301,0.6651199999999999,0.13015920098095252,-0.036739999999999884
356,Interest113286801,471,0.8614200000000001,0.06691936640465153,0.8632799999999999,0.05350354754593381,-0.0018599999999998618
357,Grant113266892,473,0.22571999999999998,0.12560142355881165,0.33314,0.0711115911789351,-0.10742000000000002
358,Captain109893344,476,0.72578,0.07918531176929215,0.70254,0.03227194447194036,0.023239999999999927
359,ReconnaissanceVehicle104062807,477,0.5834999999999999,0.0591250539111805,0.61148,0.048860470730438164,-0.027980000000000116
360,CollectiveFarm108056747,477,0.7311,0.023594406116704842,0.76928,0.028302678318491335,-0.03817999999999999
361,Division108219330,479,0.91306,0.023261177958134455,0.92838,0.026316185133867683,-0.01532
362,Acne114222112,480,0.5937600000000001,0.0911827308211374,0.55888,0.08577105339215553,0.03488000000000002
363,InflammatoryDisease114171682,480,0.5937600000000001,0.0911827308211374,0.5571400000000001,0.11026951709334723,0.036619999999999986
364,AcneRosacea114222352,480,0.5937600000000001,0.0911827308211374,0.5736600000000001,0.09602713366543854,0.020100000000000007
365,Tiger110710632,481,0.31978,0.057914744236679486,0.59386,0.05831759940189581,-0.27408000000000005
366,Triangle113879320,481,0.6061799999999999,0.07491639072993304,0.62102,0.07781440483612272,-0.014840000000000075
367,Share113285176,482,0.853,0.08534956356068846,0.85526,0.0794040452370029,-0.0022600000000000398
368,Chair103001627,482,0.6021000000000001,0.19185658185217414,0.6617799999999999,0.1217717274247187,-0.059679999999999844
369,Saga106370522,483,0.81274,0.0640967581083474,0.8013,0.025636770467436037,0.011440000000000006
370,Bicycle102834778,488,0.34286,0.16892100639056115,0.46392000000000005,0.07855821790239391,-0.12106000000000006
371,Succulent113084184,488,0.6708000000000001,0.04539343564878075,0.74924,0.015091534050586084,-0.07843999999999995
372,InvestmentBanker110215953,490,0.61488,0.06879317989452154,0.80234,0.05527102676809977,-0.18746000000000007
373,WordProcessor106572654,491,0.5791999999999999,0.13701887461222267,0.5647800000000001,0.08090125833384794,0.014419999999999877
374,Pause115271008,491,0.37611999999999995,0.07260339936945101,0.43136,0.11114281983106242,-0.05524000000000007
375,GasolineEngine103424630,494,0.59578,0.1072653793169073,0.5412,0.1073898132971652,0.05457999999999996
376,Chord113874927,494,0.5489200000000001,0.1381249926696831,0.45768000000000003,0.14752113611276182,0.09124000000000004
377,StraightLine113869991,494,0.5489200000000001,0.1381249926696831,0.49084000000000005,0.16651864280013814,0.05808000000000002
378,Appetizer107581346,497,0.4085,0.11285753851648544,0.53408,0.06610683474497926,-0.12558000000000002
379,CopperMine103104147,497,0.59196,0.07685546434704561,0.5819799999999999,0.052961472789188925,0.0099800000000001
380,Shoe104199027,498,0.55584,0.1032353350360234,0.6449,0.08137980093364687,-0.08906000000000003
381,ElectromagneticUnit113602526,500,0.7497,0.031167162206399212,0.6988399999999999,0.033731148809371996,0.05086000000000013
382,Forum108309754,501,0.5644,0.19707247397848335,0.54012,0.17523724946483268,0.02427999999999997
383,Killing107361576,503,0.66386,0.09674253666304188,0.6555799999999999,0.05850997863612669,0.008280000000000065
384,Signature107029088,505,0.45088,0.28236455443274033,0.59524,0.17105590431201137,-0.14436
385,Pterosaur101722998,505,0.7846,0.07297043236818597,0.7892400000000002,0.04911389212839884,-0.0046400000000001995
386,Regatta107468456,506,0.80102,0.07964233547554966,0.7771800000000001,0.07097451373556568,0.02383999999999986
387,Vicariate108100907,507,0.66892,0.06668437298198132,0.6925000000000001,0.026939858945436195,-0.023580000000000156
388,Grenade103458271,509,0.51198,0.23913640793488555,0.53088,0.1965851001474934,-0.018900000000000028
389,InfectiousDisease114127211,510,0.3108,0.12572272666467268,0.35087999999999997,0.15619916004895798,-0.04007999999999995
390,EpidemicDisease114130166,510,0.3108,0.12572272666467268,0.36454000000000003,0.13757000545176992,-0.05374000000000001
391,Plague114138691,510,0.3108,0.12572272666467268,0.44006,0.1276492632176152,-0.12925999999999999
392,Sweater104370048,510,0.60312,0.08495479739249573,0.6062200000000001,0.03792589616607632,-0.0031000000000001027
393,Oil114966667,512,0.42432,0.09944931171204756,0.48385999999999996,0.06624704068862244,-0.05953999999999998
394,Manual106421685,513,0.53142,0.06780968662366757,0.5217799999999999,0.05593265235977996,0.009640000000000093
395,Pyridine114692510,515,0.67752,0.03117533640556269,0.68406,0.02811317129034004,-0.00653999999999999
396,Internee110212074,516,0.7630199999999999,0.06700001194029746,0.84952,0.044631576266137014,-0.08650000000000013
397,SmartCard113377003,516,0.6142800000000002,0.07209908182494419,0.5646800000000001,0.10818192825051694,0.04960000000000009
398,Directory106423619,517,0.62892,0.2707677558351437,0.6127600000000001,0.29623676071682936,0.016159999999999952
399,Wealth113353280,517,0.46506000000000003,0.056697252138000476,0.50054,0.0664200752784879,-0.035479999999999956
400,DoubleAgent110027476,517,0.4819,0.17178148910752872,0.69174,0.04305840684465691,-0.20984000000000003
401,TankDestroyer104389718,517,0.6298199999999999,0.06311273722474729,0.65388,0.09867209129232035,-0.02406000000000008
402,Pump104021798,518,0.53096,0.02462588881644682,0.49770000000000003,0.014012280328340565,0.033259999999999956
403,Shipwright110590764,520,0.6292399999999999,0.05823622927353726,0.7351599999999999,0.11426090495003091,-0.10592000000000001
404,AnimalProduct114700745,521,0.3938,0.21043875118428165,0.45671999999999996,0.14760889404097574,-0.06291999999999998
405,Fiber114866889,521,0.6332000000000001,0.2032227841557142,0.6334000000000001,0.13091372731688608,-0.00019999999999997797
406,MalevolentProgram106573020,523,0.69184,0.093573235489642,0.69528,0.11374902900684472,-0.0034399999999999986
407,Virus106585816,523,0.69184,0.093573235489642,0.69272,0.10111089753335196,-0.0008799999999999919
408,Host108183802,523,0.7912399999999999,0.05314988617109165,0.7860400000000001,0.06815736497253985,0.005199999999999871
409,Developer110010062,524,0.6174000000000001,0.09756103730485853,0.65972,0.08385676836129564,-0.04231999999999991
410,Cytokine114828193,524,0.8473600000000001,0.06308450205874655,0.80062,0.06732008318473769,0.046740000000000115
411,AirUnit108195797,525,0.90078,0.01901677154513876,0.8890399999999999,0.035759787471404236,0.011740000000000084
412,Yeshiva108278032,526,0.6199600000000001,0.08717432190731395,0.60408,0.08969125709900604,0.015880000000000116
413,ChamberOrchestra108248411,526,0.7326199999999999,0.093909219994631,0.73134,0.04708866530280931,0.0012799999999999478
414,Directive107170080,529,0.39986,0.05289652540573909,0.43129999999999996,0.08270429251254133,-0.03143999999999997
415,Drive104835724,529,0.73956,0.03894316884897784,0.7284200000000001,0.04527296765178976,0.011139999999999928
416,Pronouncement106727616,529,0.39986,0.05289652540573909,0.4263199999999999,0.08285332582340917,-0.026459999999999928
417,Duty101129920,529,0.68294,0.08810515535426967,0.67976,0.0596460426180983,0.0031799999999999606
418,Enterprise104836074,529,0.73956,0.03894316884897784,0.7258,0.03720376325051002,0.013759999999999994
419,Shrew110594147,530,0.8870000000000001,0.02748213965469209,0.9126999999999998,0.031245991742942035,-0.025699999999999723
420,Promoter110482220,530,0.43836,0.08492466308440676,0.58396,0.09896354076123187,-0.1456
421,Advertiser109773962,530,0.43836,0.08492466308440676,0.5528799999999999,0.1204266980366065,-0.1145199999999999
422,Swamp109452395,531,0.5665,0.09661865244351114,0.6543399999999999,0.033642389926995364,-0.08783999999999992
423,Feather101896031,531,0.67876,0.24503330875617704,0.72,0.17265833313222967,-0.04123999999999994
424,Fluid114939445,533,0.42513999999999996,0.08733646661046003,0.45514,0.09463133941776371,-0.030000000000000027
425,ComputerArchitecture106725249,533,0.63758,0.16027476906862162,0.6354599999999999,0.10916997022991258,0.002120000000000122
426,UnpleasantWoman110739636,533,0.88444,0.02897879224536457,0.91144,0.04416770766068804,-0.027000000000000024
427,Slum108651832,534,0.54264,0.14095221317879333,0.6214600000000001,0.08935823632995452,-0.07882000000000011
428,FarmBuilding103322570,534,0.7597800000000001,0.060984502949519924,0.7454599999999999,0.04324070304701347,0.014320000000000221
429,Creation100908492,535,0.40324,0.2651437693026182,0.52114,0.18429138449748544,-0.11790000000000006
430,Plaza108619795,536,0.7975800000000001,0.08072846833676457,0.77458,0.08937360684228875,0.02300000000000002
431,Shrub113112664,538,0.5153399999999999,0.09259025002666317,0.60154,0.049374430629628506,-0.08620000000000005
432,TalentAgent110690002,538,0.35466000000000003,0.09963998394219058,0.68312,0.04518966253469925,-0.3284599999999999
433,Infection113498404,539,0.86188,0.03289367112378914,0.90262,0.04015417288402288,-0.04074
434,Candidiasis114181713,539,0.86188,0.03289367112378914,0.8983800000000001,0.025503835005739814,-0.03650000000000009
435,MixedDrink107911371,540,0.62878,0.01436208898454539,0.66806,0.02477099917241937,-0.03927999999999998
436,Jewelry103597469,540,0.5974999999999999,0.22287864859604653,0.66356,0.14531259546233424,-0.06606000000000012
437,LightMachineGun103667552,542,0.7172000000000001,0.06085793292579038,0.72934,0.05959028779927142,-0.012139999999999929
438,Organization101008378,543,0.8827400000000001,0.0112695341518627,0.8573600000000001,0.022397553437819944,0.025379999999999958
439,Order101009871,543,0.8827400000000001,0.0112695341518627,0.86374,0.018943030380591162,0.019000000000000128
440,Opening100457890,543,0.8827400000000001,0.0112695341518627,0.8624600000000001,0.017074027058664294,0.020279999999999965
441,Succession101010458,543,0.8827400000000001,0.0112695341518627,0.8501200000000001,0.011577115357462777,0.03261999999999998
442,Lawsuit101182654,544,0.49262,0.1802629124362524,0.5867600000000001,0.14754019926786055,-0.09414000000000006
443,HandTool103489162,544,0.41468,0.11066962365527408,0.47691999999999996,0.08741007722225168,-0.06223999999999996
444,LogicalFallacy105894143,546,0.60564,0.07312962737495655,0.6656799999999999,0.041480954665966886,-0.06003999999999998
445,Footrace107460104,548,0.76986,0.05394666254737173,0.74244,0.09082318206273111,0.02742
446,Laser103643253,548,0.67042,0.07394436827778028,0.67074,0.05030580880971898,-0.00031999999999998696
447,Goldsmith110136615,549,0.5314,0.10926699410160418,0.6713600000000001,0.06466772301542709,-0.13996000000000008
448,Mentor110309496,550,0.70396,0.041576560704319934,0.6227400000000001,0.07892240746454711,0.08121999999999996
449,Sage110546202,550,0.70396,0.041576560704319934,0.63876,0.0629748076614768,0.06520000000000004
450,CantileverBridge102953197,551,0.74444,0.0680247484376091,0.7934599999999999,0.061319445529130504,-0.04901999999999995
451,Friar110111903,556,0.6917399999999999,0.3053048614090513,0.71498,0.23121585066772565,-0.02324000000000004
452,Poison115032376,556,0.42666,0.11455345651703401,0.4584,0.07669414580005439,-0.03173999999999999
453,Mountaineer110334567,557,0.8600999999999999,0.02730597004319753,0.8775600000000001,0.027608447982456385,-0.017460000000000253
454,Inequality104752221,558,0.8421999999999998,0.0724709872983665,0.8462,0.09169263874488509,-0.004000000000000115
455,Crystal114883206,559,0.56196,0.2831405841627088,0.61806,0.24672193741132956,-0.05610000000000004
456,Principal110474645,559,0.53404,0.10339606568917407,0.78368,0.030864309485229027,-0.24964000000000008
457,Ignoramus110198958,562,0.6274,0.16058559088535931,0.7570600000000001,0.1132825070344049,-0.1296600000000001
458,CruiseMissile103140771,562,0.62342,0.04502401137171141,0.63302,0.06176314111183142,-0.009600000000000053
459,Nematode101930112,563,0.60854,0.09759447935206172,0.7527400000000001,0.03347832731783355,-0.1442000000000001
460,Concoction107882497,565,0.48026,0.0743950159620925,0.57406,0.05340672616815227,-0.0938
461,RealNumber113729902,569,0.5511600000000001,0.1118964986047374,0.42362,0.10869442304000697,0.1275400000000001
462,Vicar110750031,570,0.5273,0.1265017312134502,0.6750399999999999,0.03124807834091562,-0.14773999999999987
463,Nucleotide114964590,571,0.64664,0.2005416525313382,0.65646,0.13322344538406142,-0.009820000000000051
464,Dearth114449865,572,0.5841800000000001,0.07645935913934931,0.56396,0.12219293923954853,0.020220000000000127
465,Luthier110277509,574,0.73282,0.0530181252026135,0.7424600000000001,0.06767406002302509,-0.009640000000000093
466,SniperRifle104250224,574,0.62124,0.11229925378202653,0.63468,0.0653177586878178,-0.013440000000000007
467,Adornment102681518,578,0.60368,0.224953981071685,0.6582399999999999,0.17032158524391444,-0.05455999999999994
468,PrimaBallerina110471640,579,0.8393999999999998,0.048053719939251324,0.8596400000000001,0.021045056426629037,-0.020240000000000258
469,Ammonite109195958,581,0.7824800000000001,0.04356192833197355,0.78958,0.043884821977535696,-0.007099999999999884
470,Maharaja110281637,583,0.6300800000000001,0.013675584082590413,0.6205999999999999,0.026489922612193486,0.009480000000000155
471,Antioxidant114724645,586,0.57536,0.1755604807466646,0.5948,0.15112105081688654,-0.019440000000000013
472,HomeAppliance103528263,588,0.41304,0.027548183243183203,0.47485999999999995,0.05731783666538716,-0.06181999999999993
473,Microscope103760671,589,0.6645800000000001,0.06473547404630631,0.64862,0.07719788598141793,0.015960000000000085
474,Antenna102715229,589,0.60852,0.07362867376233256,0.618,0.06364969756408902,-0.009480000000000044
475,Proceeding101184814,589,0.50678,0.19118051574362907,0.5674,0.1583816024669532,-0.06062000000000001
476,VentureCapitalist110747965,590,0.40966,0.22168612586267095,0.59292,0.19187594325501048,-0.18325999999999998
477,Rally108358332,591,0.8148200000000001,0.0426143825486185,0.7997799999999999,0.042062115971501016,0.015040000000000164
478,Antidepressant102718811,592,0.6934,0.10272783459218833,0.70732,0.07892686234736561,-0.013919999999999932
479,Bear102131653,593,0.6352399999999999,0.20294375181315635,0.6638,0.16967919141721535,-0.02856000000000003
480,Sedative104166553,594,0.7112999999999999,0.045424530817609984,0.7124400000000001,0.0470137681961359,-0.001140000000000141
481,Bartender109841188,596,0.24311999999999998,0.05850963681309259,0.58452,0.09556885266654613,-0.34140000000000004
482,Squirrel102355227,596,0.8977,0.01993599759229521,0.9144400000000001,0.02626667851099559,-0.016740000000000088
483,CompositeMaterial114817783,601,0.61538,0.230377042258989,0.6202799999999999,0.16221025121736293,-0.004899999999999904
484,ComputerKeyboard103085013,601,0.61932,0.1774996383094906,0.6247,0.1773257228943393,-0.005380000000000051
485,Keyboard103614007,601,0.61932,0.1774996383094906,0.64288,0.16517202426561226,-0.023560000000000025
486,ConsumerCredit113374426,602,0.58938,0.05240848786217743,0.5907199999999999,0.10027481039623065,-0.0013399999999998968
487,Profanity107128527,603,0.6260399999999999,0.14349034253217186,0.5546800000000001,0.19170729146279233,0.07135999999999987
488,Durables103257877,603,0.37662,0.0516824302834145,0.45098000000000005,0.08463714078346454,-0.07436000000000004
489,Curse107125096,603,0.6260399999999999,0.14349034253217186,0.58658,0.12668088095683577,0.03945999999999994
490,Appliance102729837,603,0.37662,0.0516824302834145,0.47382,0.03829357126202776,-0.09720000000000001
491,JobAction101242164,604,0.6059599999999999,0.10727716625638467,0.67362,0.07738248897521971,-0.06766000000000005
492,Strike101243674,604,0.6059599999999999,0.10727716625638467,0.6638200000000001,0.0714616372608409,-0.057860000000000134
493,Therapy100661091,605,0.5770600000000001,0.06498961763235722,0.5678,0.05673647856538156,0.009260000000000157
494,FungusFamily111590783,606,0.9491200000000001,0.01913973876519741,0.9139800000000001,0.03417240992379673,0.03513999999999995
495,RadialEngine104040373,606,0.7404,0.05581433507621495,0.74586,0.04480551751737725,-0.00546000000000002
496,Rocket104099175,608,0.6584800000000001,0.06288266533791327,0.52904,0.06945354130640136,0.1294400000000001
497,Meal107573696,608,0.33698,0.22420729158526487,0.45396000000000003,0.16070451891592843,-0.11698000000000003
498,Burglar109880741,609,0.60226,0.2539535201567405,0.7422599999999999,0.11172882528694195,-0.1399999999999999
499,DueProcess101181475,610,0.4871800000000001,0.17045046670513986,0.56376,0.1577125435721585,-0.07657999999999993
500,Crop113085864,611,0.38688,0.13541564754488308,0.47768,0.08533089475682298,-0.09079999999999999
501,Cheerleader109913593,611,0.4113,0.1738822590145412,0.60166,0.0789778855123382,-0.19035999999999997
502,Output100914632,611,0.38688,0.13541564754488308,0.48136,0.10065017834062692,-0.09448000000000001
503,Hagiographer110155692,612,0.4796200000000001,0.20600362521082,0.52218,0.15376191205887108,-0.042559999999999876
504,StockIndex106641924,615,0.7233999999999999,0.0498330813817488,0.73678,0.020239407105940656,-0.013380000000000059
505,Preservative114997529,615,0.33656,0.06332369540701174,0.43562,0.06526363152629497,-0.09905999999999998
506,Veterinarian110749715,617,0.5441199999999999,0.04629243566717999,0.72616,0.07241736255898856,-0.1820400000000001
507,Drive103242713,617,0.8111,0.04034040158451574,0.76412,0.04282057449404433,0.04698000000000002
508,Calculation105802185,617,0.5826800000000001,0.06190894604174746,0.5726600000000001,0.07138362837513934,0.010020000000000029
509,Additive102679788,619,0.4869600000000001,0.12851206324699638,0.51196,0.0873717254035881,-0.024999999999999856
510,Cove109257761,621,0.8798200000000002,0.028205985180454193,0.87306,0.0329615897674854,0.00676000000000021
511,Production100913705,621,0.39261999999999997,0.13210585755370574,0.47634,0.1065566440913001,-0.08372000000000002
512,Aqueduct102732433,624,0.7173200000000001,0.06774352810416652,0.70096,0.05993144750462814,0.01636000000000004
513,PersonalDigitalAssistant103918737,625,0.6500999999999999,0.1653834937350158,0.62402,0.1643018125280424,0.02607999999999988
514,Astrophysicist109819291,625,0.48226,0.25560249294558923,0.6557999999999999,0.2592973042667432,-0.17353999999999992
515,Citation106763681,627,0.47278,0.2651141142979755,0.48618000000000006,0.15961548045224186,-0.013400000000000079
516,Note106763273,627,0.47278,0.2651141142979755,0.5219400000000001,0.1341470178572748,-0.04916000000000009
517,DipterousInsect102188699,628,0.6630199999999999,0.08237556433797585,0.6625,0.05759784718199111,0.0005199999999999649
518,Fly102190166,628,0.6630199999999999,0.08237556433797585,0.65962,0.07794288678256665,0.0033999999999999586
519,MathematicalSpace108001685,628,0.6104,0.13273493888196886,0.63138,0.11015348201486869,-0.02098
520,Set107999699,628,0.6104,0.13273493888196886,0.63416,0.11351543683570087,-0.023759999999999892
521,Liquor107901587,630,0.50746,0.08115670274228741,0.63328,0.07898494540100665,-0.12581999999999993
522,Usher110741821,630,0.65718,0.17549937207864874,0.67656,0.13695483343058756,-0.019380000000000064
523,Filter103339643,632,0.4916,0.09899052479909376,0.5033000000000001,0.09700884495756047,-0.0117000000000001
524,Algebraist109784043,633,0.60502,0.07526965922601217,0.76022,0.032834396598689,-0.1552
525,Publicist110490699,634,0.45278,0.059579540112357374,0.6496600000000001,0.09927724009056661,-0.1968800000000001
526,Loch109341987,634,0.89444,0.020135004345666282,0.8834199999999999,0.03412139504768235,0.01102000000000014
527,RotaryEngine104110654,636,0.65042,0.20646269784152294,0.5965,0.16509761960730993,0.05391999999999997
528,HighPriest110175248,636,0.6029,0.07575793027795835,0.60192,0.06745215786021973,0.0009799999999999809
529,Turbine104498523,636,0.65042,0.20646269784152294,0.61386,0.17575389156431215,0.03656000000000004
530,Cutter103154073,636,0.4003600000000001,0.07135255005954587,0.44286000000000003,0.05160010077509538,-0.04249999999999993
531,CupFinal107467027,638,0.8483799999999999,0.04810427839600133,0.8630799999999998,0.03722141319187117,-0.014699999999999935
532,Tribune110728828,639,0.66822,0.13656552127092694,0.72982,0.06168881260001683,-0.06159999999999999
533,Ligament105295381,641,0.82394,0.111000731529121,0.80536,0.12097640431092338,0.01858000000000004
534,Theosophist110707134,642,0.7080400000000001,0.1796510907286677,0.73146,0.07984842139954927,-0.023419999999999885
535,AngiospermousTree113109733,644,0.6882199999999999,0.12491974063373652,0.68226,0.03189223102888854,0.005959999999999965
536,Comment106762711,644,0.4234400000000001,0.2099798047432181,0.5353600000000001,0.1320096905533832,-0.11191999999999996
537,Resin114894140,645,0.6412800000000001,0.1379329170285324,0.61604,0.1279045988227163,0.02524000000000004
538,Wind111525955,647,0.62624,0.2208691793800122,0.67196,0.20125074509178842,-0.04571999999999998
539,MajorityLeader110283824,647,0.59534,0.11459076053504487,0.7748200000000001,0.0668172851887893,-0.17948000000000008
540,Clock103046257,648,0.58578,0.11597100327236977,0.53052,0.08492084314230518,0.055259999999999976
541,Shirt104197391,648,0.5402399999999999,0.13888213132005142,0.5509000000000001,0.11173026447655085,-0.010660000000000114
542,Tooth105282746,651,0.46,0.16835655021412144,0.49784000000000006,0.09863901053842743,-0.03784000000000004
543,Ellipse113878306,653,0.45716,0.07697307581226047,0.54458,0.06663891955906849,-0.08741999999999994
544,Circle113873502,653,0.45716,0.07697307581226047,0.549,0.02076988204107088,-0.09184000000000003
545,Difference104748836,653,0.7859,0.09428155705120697,0.8050799999999999,0.08088652298127297,-0.019179999999999864
546,Pipe103945615,654,0.7576400000000001,0.05433513044062745,0.7388,0.06748845827250763,0.01884000000000008
547,Woodpecker101838598,656,0.91384,0.030549409159589324,0.9470600000000001,0.019128261813348382,-0.03322000000000014
548,Battery108389572,656,0.7299800000000001,0.03901781131739709,0.70146,0.04726633474260511,0.0285200000000001
549,Chloride115017604,656,0.7813599999999999,0.04072604080929057,0.72862,0.08670837099150232,0.0527399999999999
550,Sailboat104128499,656,0.39544,0.056843314470569,0.46624,0.10673845792403035,-0.07079999999999997
551,Criticism106710546,657,0.5359200000000001,0.23353673287086985,0.5815400000000001,0.15495926690585496,-0.045619999999999994
552,Disapproval106709533,657,0.5359200000000001,0.23353673287086985,0.6073000000000001,0.1130309338190214,-0.07138
553,LegislativeAct106564387,660,0.6635,0.09355648561163467,0.70936,0.022078731847640205,-0.04586000000000001
554,PlantMaterial114991712,662,0.46948,0.07668620214875684,0.48612,0.04689261775588989,-0.016639999999999988
555,Overgarment103863923,662,0.5622,0.15087934252242752,0.6421600000000001,0.07281567413682306,-0.07996000000000003
556,Ratite101517565,662,0.7303999999999999,0.09721917506335877,0.7379399999999999,0.06802074977534431,-0.007539999999999991
557,SexOffender110584973,663,0.4767799999999999,0.1983946410566576,0.6918200000000001,0.11138045429966605,-0.21504000000000018
558,Convict109963159,663,0.4767799999999999,0.1983946410566576,0.70406,0.11282458242776705,-0.2272800000000001
559,Outstation108613985,664,0.8714799999999999,0.03819619876375132,0.8558399999999999,0.032715965521439204,0.015639999999999987
560,Perturbation107428450,664,0.53782,0.1971738765658372,0.61742,0.11399041012295726,-0.0796
561,Topology105730365,666,0.65904,0.1154602199893972,0.62286,0.16275272778051988,0.03617999999999999
562,Operetta107027090,667,0.8068199999999999,0.053216365903733034,0.83802,0.038357862297057135,-0.031200000000000117
563,Fallacy105893916,667,0.61292,0.0850553325782693,0.6721999999999999,0.05433974604283681,-0.05927999999999989
564,Laminitis114348895,667,0.48964,0.3388223817872721,0.6002799999999999,0.24355700277347803,-0.1106399999999999
565,Archivist109806944,668,0.58712,0.03493189946166683,0.7255799999999999,0.04491963490501674,-0.13845999999999992
566,Vivarium104539203,671,0.68912,0.06869379593529537,0.70136,0.05561246622835571,-0.012240000000000029
567,PassengerVan103896419,672,0.7433399999999999,0.049040334419740685,0.73926,0.07575353721114284,0.0040799999999998615
568,Minivan103770679,672,0.7433399999999999,0.049040334419740685,0.7623599999999999,0.06039796685319799,-0.019020000000000037
569,Van104520170,672,0.7433399999999999,0.049040334419740685,0.7701800000000001,0.0460787760254111,-0.026840000000000197
570,UnionRepresentative110738515,676,0.5889599999999999,0.16965932453007113,0.75444,0.05439185968506684,-0.16548000000000007
571,Budget113421832,676,0.51718,0.1014353666134253,0.5843400000000001,0.1018654720697843,-0.06716000000000011
572,Organizer110383505,676,0.5889599999999999,0.16965932453007113,0.7558999999999999,0.07854440782130832,-0.16693999999999998
573,Gymnosperm111596108,676,0.7469600000000001,0.14055379895257192,0.7349400000000001,0.07234850654989362,0.01201999999999992
574,Mare102377480,677,0.7611600000000001,0.04483046285730274,0.74852,0.04241737379895177,0.012640000000000096
575,ToothedWhale102066707,678,0.7124400000000001,0.14343551303634675,0.71252,0.10529861157679143,-7.999999999996898e-05
576,Gear103431243,681,0.51352,0.11604515328095355,0.54374,0.08235961631770755,-0.030220000000000025
577,SpiralGalaxy108271457,681,0.82196,0.01931968943849768,0.76528,0.019411584170283474,0.056680000000000064
578,Machine103700963,683,0.33536,0.08278167913252303,0.38924000000000003,0.08563061602020622,-0.05388000000000004
579,Shape105064037,683,0.31898000000000004,0.048317052890258116,0.47075999999999996,0.035418334235251654,-0.15177999999999991
580,Usurper110742546,685,0.6696799999999999,0.07411373421977874,0.73408,0.045640306747435404,-0.06440000000000001
581,Judiciary108166187,685,0.54064,0.06490009553151674,0.6047800000000001,0.08169896939374448,-0.06414000000000009
582,Reasoning105772356,687,0.5826800000000001,0.08878156114869801,0.55442,0.11298993583501142,0.028260000000000063
583,Generator103434188,687,0.5612600000000001,0.17642571921349787,0.55704,0.1550814959948478,0.0042200000000001125
584,Finance101098698,688,0.5319,0.10148783178292853,0.55246,0.10300839965750368,-0.02055999999999991
585,Partisan110402086,688,0.75878,0.11389374697497665,0.80618,0.05261126875489697,-0.0474
586,ComplexNumber113729428,690,0.59522,0.08705553170247138,0.51042,0.07512241742649126,0.08479999999999999
587,Car102959942,693,0.53872,0.1153231529225593,0.56268,0.05462806604667605,-0.02395999999999998
588,Cipher106254239,693,0.8002600000000001,0.03424538509054905,0.80092,0.021754024914943885,-0.0006599999999998829
589,Solution114589223,693,0.4159000000000001,0.14167073092209273,0.44548,0.11378204427764516,-0.029579999999999884
590,Foreigner110103485,694,0.32918000000000003,0.052672740578025734,0.49723999999999996,0.029176195776694367,-0.16805999999999993
591,Formulation114873641,697,0.5421199999999999,0.06385259274297324,0.5000600000000001,0.03139685334551855,0.042059999999999875
592,NuclearReactor103834040,699,0.48354,0.06930640951600367,0.49404000000000003,0.055073717869778854,-0.01050000000000001
593,PipelineCompany108069487,699,0.6329600000000001,0.13358183409431088,0.6588800000000001,0.10787295119723016,-0.025920000000000054
594,Stairway104298308,703,0.64646,0.19652283938514628,0.6220000000000001,0.1876751874915808,0.024459999999999926
595,DaySchool108411585,709,0.71892,0.17112197287315267,0.70628,0.1521939473172307,0.012639999999999985
596,Ring104981658,709,0.49154,0.07523976608150773,0.46834,0.07936272676767096,0.0232
597,Criminologist109978442,714,0.6214200000000001,0.17490730573649574,0.82416,0.07282575368645354,-0.20273999999999992
598,CommunicationsSatellite103077741,715,0.62266,0.07659275683770626,0.6237199999999999,0.061530200714770944,-0.0010599999999999499
599,Position106208751,719,0.32952,0.2015706268284147,0.41858000000000006,0.14605132522507286,-0.08906000000000008
600,Brokerage108069878,720,0.69352,0.18456985019227812,0.7064,0.14940501999598277,-0.012880000000000003
601,Cowboy109972661,722,0.6159,0.23011554488995306,0.6994,0.1303710550697508,-0.08350000000000002
602,RanchHand110506544,722,0.6159,0.23011554488995306,0.69306,0.15495323939821323,-0.07716
603,Ayatollah109826945,723,0.7481,0.03874067629765903,0.7716999999999999,0.02199590871048525,-0.023599999999999954
604,Wright110793570,723,0.655,0.08877109890048672,0.75656,0.06575580886887486,-0.10155999999999998
605,Bard109839022,729,0.5381199999999999,0.10468421848588258,0.73282,0.03784317111448249,-0.1947000000000001
606,Retailer110525436,731,0.26132,0.0972090613060326,0.29076,0.09467769747939585,-0.02944000000000002
607,OpticalPhenomenon111490638,735,0.66584,0.11924513574984935,0.6901399999999999,0.09966611460270736,-0.024299999999999877
608,Filicide110088101,735,0.6816,0.2610992071991028,0.7739800000000001,0.1396204483591139,-0.09238000000000013
609,BloodVessel105417975,737,0.7457600000000001,0.010716827888885776,0.7282200000000001,0.04184043020811327,0.01754
610,ChangeOfLocation107311115,737,0.62842,0.08422242931666124,0.62906,0.05734026857279272,-0.0006399999999999739
611,Century115205532,738,0.9077799999999999,0.03818897223021325,0.8988999999999999,0.022840227669618334,0.008879999999999999
612,SexualAssault100774107,740,0.59344,0.10820235856948776,0.6096,0.10838638290855547,-0.016160000000000063
613,StatutoryOffense100774796,740,0.59344,0.10820235856948776,0.61592,0.10986929325339267,-0.022480000000000055
614,Conductor114821043,742,0.5216999999999999,0.06016749953255497,0.50912,0.06922783833112227,0.012579999999999925
615,Semiconductor114821248,742,0.5216999999999999,0.06016749953255497,0.5218400000000001,0.08560723333924536,-0.00014000000000014
616,Pogrom100421210,744,0.68814,0.18343769078354644,0.7223,0.122579329415689,-0.03416000000000008
617,Persecution100420477,744,0.68814,0.18343769078354644,0.7048,0.12766040889798216,-0.016660000000000008
618,Sauce107829412,745,0.5504600000000001,0.05187178809333644,0.6044400000000001,0.08524934251945877,-0.05398000000000003
619,FolkDancing100537682,748,0.56718,0.04362464441115825,0.563,0.06140543949846789,0.0041800000000000725
620,Berry107742704,750,0.6926800000000001,0.12472724481844374,0.6844399999999999,0.06971767638124494,0.008240000000000136
621,Register106507041,750,0.5614000000000001,0.15859636818035905,0.6797,0.09178908431834362,-0.11829999999999985
622,MilitaryUniform103763968,752,0.42814,0.09126534062830204,0.57616,0.057819671393047535,-0.14801999999999998
623,Synapsid101719403,753,0.87776,0.02122146083567294,0.8597800000000001,0.020243655796322993,0.017979999999999885
624,Handicraft103485655,753,0.5814199999999999,0.20341555889361068,0.56662,0.19033048520928011,0.014799999999999924
625,BabyDoctor109828760,754,0.54542,0.0356015392925643,0.7162999999999999,0.04419334791572142,-0.17087999999999992
626,TransitLine104472098,754,0.9135,0.021960145719006518,0.89448,0.030491467659002566,0.019019999999999926
627,Zither104615226,757,0.7911199999999999,0.1303385039042569,0.7941,0.08783486779178304,-0.0029800000000000937
628,CoordinateSystem105728024,759,0.55074,0.0998040800769187,0.53788,0.09640160579575427,0.012859999999999983
629,PlantFamily111744583,762,0.75656,0.08810551855587707,0.64386,0.1732217492118123,0.11270000000000002
630,Mausoleum103732114,763,0.55056,0.11399074699290287,0.6216600000000001,0.09642826556565252,-0.07110000000000005
631,PiciformBird101838038,763,0.92194,0.015523478991514763,0.9349000000000001,0.014271229799845584,-0.012960000000000083
632,Keeper110229498,766,0.3368,0.08968995484445287,0.56602,0.03314485782138763,-0.22921999999999998
633,Stereotype105927586,766,0.32938,0.1262512479146246,0.45221999999999996,0.11768156015281239,-0.12283999999999995
634,Personification110418101,767,0.40302,0.22993635989116645,0.51418,0.11562521178358982,-0.11115999999999998
635,Maneuver100168237,772,0.49174,0.06952506310676748,0.49552000000000007,0.08130607357387269,-0.003780000000000061
636,Diol114835980,778,0.6558400000000001,0.05622200992493954,0.5937800000000001,0.059699259626899905,0.062060000000000004
637,PrimeNumber113594302,779,0.8868600000000001,0.04243341136415976,0.8233,0.040221586244204785,0.06356000000000006
638,Prime113594005,779,0.8868600000000001,0.04243341136415976,0.8299,0.042011046166454825,0.05696000000000012
639,Demonstration101177703,780,0.5282600000000001,0.11956619254622106,0.5603199999999999,0.06696576438748388,-0.032059999999999866
640,Abbey102667576,780,0.7387600000000001,0.07312443093795673,0.7665,0.06352785215950557,-0.027739999999999876
641,Insurgent110210137,780,0.54502,0.1468536877303393,0.64738,0.08236140843866134,-0.10236
642,Promenade104010205,780,0.5175799999999999,0.07751467990000344,0.5565399999999999,0.07577974927380005,-0.038959999999999995
643,Well104572344,781,0.3719,0.15269352311083792,0.48,0.07912281592562286,-0.10809999999999997
644,ConicSection113872975,781,0.4170999999999999,0.058199209616626224,0.5057799999999999,0.052184419130617894,-0.08867999999999998
645,Secularist110574538,781,0.5671800000000001,0.19554346217657087,0.6796599999999999,0.11048155683189845,-0.1124799999999998
646,Control100803617,782,0.54118,0.08700938799922682,0.52202,0.06059054051582638,0.019159999999999955
647,Stimulation105827684,783,0.5782,0.17663933876687832,0.63782,0.17057283957301056,-0.059620000000000006
648,Ferry103329663,784,0.67288,0.060874934086206624,0.64012,0.04898703501948246,0.03276000000000001
649,TributeAlbum106592421,788,0.65676,0.11615659430269122,0.7366599999999999,0.13223407427739645,-0.07989999999999986
650,Addition102679415,791,0.3017,0.12692383542896896,0.37028,0.11124738918284778,-0.06857999999999997
651,GallinaceousBird101789386,793,0.7164400000000001,0.09606626046640933,0.7386,0.06624490923837091,-0.022159999999999958
652,Organophosphate114969994,795,0.71818,0.09840342270470066,0.7164400000000001,0.10067360329301817,0.0017399999999999638
653,Timepiece104437953,797,0.5479999999999999,0.07333812105583287,0.49537999999999993,0.05892287840898475,0.05262
654,SocialAnthropologist110618465,804,0.73274,0.06543749995224453,0.80626,0.0712179640259394,-0.07352000000000003
655,Nut113136556,805,0.5691,0.09426152979874663,0.56988,0.06623441401567617,-0.0007800000000000029
656,EdibleNut107737081,805,0.5691,0.09426152979874663,0.58034,0.07287036709115717,-0.011239999999999917
657,Vector105864577,806,0.5688599999999999,0.11494131720143108,0.5656800000000001,0.09351338727690275,0.0031799999999998496
658,Devotion107544491,818,0.66972,0.130138516973262,0.68904,0.10129273616602523,-0.019320000000000004
659,Love107543288,820,0.67024,0.12778377987835546,0.6994400000000001,0.09989621814663457,-0.029200000000000115
660,Parachutist110397482,821,0.74168,0.2590826308342572,0.89284,0.09026890051396441,-0.15115999999999996
661,Skydiver110608188,821,0.74168,0.2590826308342572,0.8888199999999999,0.07496936440973735,-0.14713999999999994
662,Tube104494204,822,0.47,0.0619339648335225,0.56094,0.06448809502536108,-0.09094000000000002
663,Tensor105864481,823,0.6443800000000001,0.037900891810088086,0.61446,0.04594703907761633,0.029920000000000058
664,ChemicalPhenomenon111409059,825,0.4141,0.1305040689020844,0.49616000000000005,0.054598263708656544,-0.08206000000000002
665,Cereal112141495,825,0.57284,0.04965724921902137,0.57082,0.0680935356696948,0.0020200000000000218
666,Interchange103577818,825,0.7105199999999999,0.11276723637652912,0.68292,0.1350288472882739,0.027599999999999958
667,Storyline106373645,826,0.7001799999999999,0.08694102368847517,0.7332400000000001,0.04803913404714949,-0.0330600000000002
668,Plot106373314,826,0.7001799999999999,0.08694102368847517,0.71318,0.08036477835469966,-0.013000000000000123
669,Good105159725,827,0.39924,0.1948540335738524,0.43598,0.12555874163115846,-0.036739999999999995
670,Countertenor109970295,828,0.34528000000000003,0.1560436656836797,0.5520400000000001,0.13048326482733333,-0.20676000000000005
671,Alto109786115,828,0.34528000000000003,0.1560436656836797,0.5554,0.10769807797727868,-0.21011999999999997
672,Request107185325,830,0.5989599999999999,0.10406841211433944,0.5945400000000001,0.09039901769377805,0.0044199999999998685
673,Spirit114526182,835,0.69452,0.0799046281513155,0.6418200000000001,0.07186140549697038,0.05269999999999997
674,Carpenter109896685,836,0.53438,0.2527783962287917,0.6788000000000001,0.10121011807126791,-0.1444200000000001
675,Ape102470325,836,0.7527400000000001,0.06277428135789373,0.7057200000000001,0.02796135905137661,0.04701999999999995
676,Fastener103323703,838,0.5792,0.08470704811289319,0.61748,0.0747294158949473,-0.03827999999999998
677,Supercomputer104358117,839,0.6026,0.14570346598485567,0.56984,0.12883402656130877,0.03276000000000001
678,Advantage105155821,839,0.43976000000000004,0.11428344762037937,0.47764000000000006,0.1086106182654348,-0.037880000000000025
679,Glycoprotein114888310,841,0.7177399999999999,0.07583768456381036,0.68434,0.059582635054183354,0.033399999999999985
680,BodyCovering105237755,843,0.52066,0.27479899272013353,0.6156200000000001,0.16698268652767564,-0.09496000000000004
681,MolecularBiologist110327143,849,0.7588799999999999,0.0431318165627185,0.8168,0.03252537470960173,-0.05792000000000008
682,Semanticist110577820,851,0.75548,0.10902253711962497,0.81168,0.028705915766615096,-0.05619999999999992
683,Fisherman110093658,852,0.57618,0.1968292498588561,0.7424199999999999,0.09630022637564258,-0.16623999999999983
684,Eatage107801091,853,0.6588800000000001,0.03561277298947668,0.6031799999999999,0.04047717381438582,0.055700000000000194
685,Prayer101041968,853,0.69468,0.07786021834030524,0.69622,0.012006564870936253,-0.0015399999999999858
686,Worship101028655,853,0.69468,0.07786021834030524,0.69886,0.015090076209217757,-0.0041800000000000725
687,Laptop103642806,855,0.70968,0.132093896906708,0.7189,0.09389253431450234,-0.009220000000000006
688,Inquisitor110208287,858,0.5945,0.166296470197055,0.75858,0.07377466773900107,-0.16408
689,Organelle105445668,859,0.6351600000000001,0.2060351872860556,0.60348,0.205297154388462,0.03168000000000004
690,Seven113744916,860,0.7433000000000001,0.10504256280194232,0.71068,0.06223357293294353,0.03262000000000009
691,Crewman109977178,861,0.6987599999999999,0.04605738160164991,0.7598,0.03688571539227616,-0.061040000000000094
692,LargeInteger113745420,864,0.63312,0.2356500914491654,0.6996399999999999,0.1617001867655075,-0.06651999999999991
693,Rig104091097,865,0.59624,0.09819331138117304,0.47797999999999996,0.0819783239643261,0.11826000000000003
694,Argument106648724,865,0.44588,0.08524274514584804,0.5436,0.09425011405828644,-0.09771999999999997
695,Mammalogist110286989,865,0.7589199999999999,0.21452264589082432,0.8522399999999999,0.08419580987198824,-0.09331999999999996
696,Position105074774,867,0.89366,0.029704114193155117,0.8533999999999999,0.05483732305647315,0.040260000000000074
697,Transducer104470953,868,0.42544,0.11700679638379988,0.5399800000000001,0.07382008940661071,-0.11454000000000014
698,ClockTower103047052,869,0.527,0.13485522607596634,0.61456,0.11644002061147192,-0.08755999999999997
699,Mark105737153,871,0.48391999999999996,0.2979541535203025,0.45200000000000007,0.261208782394467,0.03191999999999989
700,Hat103497657,874,0.5778800000000001,0.061376849055649635,0.6711600000000001,0.02018252709647633,-0.09328000000000003
701,Wanderer110765679,882,0.4314,0.25135363136425937,0.49928,0.22068773776537742,-0.06788
702,Recognition106688274,882,0.61564,0.06035195440083115,0.60824,0.07781554086427724,0.007399999999999962
703,HiredHand110176679,884,0.66986,0.0981582721934326,0.69892,0.07215273799378649,-0.029059999999999975
704,Balcony102777734,887,0.5699799999999999,0.1214501939068028,0.6551400000000001,0.0891099680170518,-0.08516000000000012
705,Scheme105905348,889,0.50558,0.06199307703284294,0.5331599999999999,0.06366457727810655,-0.027579999999999827
706,Diesel103193107,891,0.7182600000000001,0.16532839562519197,0.65664,0.18373940894647506,0.06162000000000012
707,Consortium108236438,893,0.5221600000000001,0.10088995192783076,0.5898,0.10539442110472454,-0.06763999999999992
708,RootVegetable107710283,893,0.53264,0.2466517755865544,0.56894,0.14506439397729548,-0.0363
709,Bovid102401031,899,0.67524,0.04692588198425258,0.66582,0.07328703568844903,0.009419999999999984
710,Duration115133621,900,0.772,0.08403316012146632,0.7747599999999999,0.05119603890927501,-0.0027599999999998737
